acid,bp488001,
FC003659,4,8
FC003981,5,8
FC030265,4,8
FC030267,5,8
FC030282,5,8
FC030967,5,8
FC031416,5,8
FC031572,5,8
FC031592,2,8
FC031622,5,8
FC031649,5,8
FC031665,5,8
FC031676,5,8
FC031677,5,8
FC031683,5,8
FC031689,5,8
FC031700,4,8
FC031707,5,8
FC031709,4,8
FC031719,5,8
FC031721,5,8
FC031731,5,8
FC031732,5,8
FC031737,5,8
FC031744,5,8
FC031745,4,8
FC031750,5,8
FC031918,5,8
FC031919,3,8
FC031921,5,8
FC031927,5,8
FC031933,5,8
FC031934,5,8
FC031935,4,8
FC031943,5,8
FC031952,4,8
FC032175,5,8
FC032176,5,8
FC033123,5,8
PI036906,4,8
PI054610,4,8
PI055089,4,8
PI059845,5,8
PI060269,4,8
PI060273,5,8
PI060296,5,8
PI062203,5,8
PI062204,3,8
PI065342,5,8
PI071465,3,8
PI071558,4,8
PI071564,4,8
PI071570,5,8
PI071667,3,8
PI071677,5,8
PI079825,4,8
PI079832,5,8
PI079861,5,8
PI079862,5,8
PI080466,1,8
PI080468,5,8
PI080476,4,8
PI080498,4,8
PI081029,4,8
PI081037,5,8
PI081042,5,8
PI081774,5,8
PI081780S,4,9
PI082184S,5,9
PI082286,3,8
PI082312,4,8
PI082588,5,8
PI083836,4,8
PI083874,4,8
PI083942,4,8
PI084632S,5,9
PI084642,5,8
PI084669,5,8
PI084734,5,8
PI084874,5,8
PI084910,5,8
PI084949,4,8
PI084967,5,8
PI085010,4,8
PI085089,4,8
PI085252,3,8
PI085342,4,8
PI085416,5,8
PI085465,4,8
PI085476,4,8
PI085490,5,8
PI085666S,3,9
PI085897,3,8
PI086045S,3,9
PI086078,5,8
PI086084,4,8
PI086091,5,8
PI086109,4,8
PI086113S,5,9
PI086465,5,8
PI086490,4,8
PI086543,4,8
PI086892,5,8
PI086904,4,8
PI086982,4,8
PI087002,5,8
PI087037,3,8
PI087076,4,8
PI087542,4,8
PI087565,5,8
PI087968,5,8
PI088461,5,8
PI088490,3,8
PI088816S,4,9
PI088820,4,8
PI089061,4,8
PI089154S,4,9
PI089469,5,8
PI089775,5,8
PI090243,4,8
PI090251,4,8
PI090406,5,8
PI090481,4,8
PI090495,5,8
PI090499,5,8
PI090577,5,8
PI090768,5,8
PI091100,4,8
PI091159S,3,9
PI091646,5,8
PI091725,5,8
PI092567,5,8
PI092601,5,8
PI092707S,5,9
PI092743,5,8
PI093055S,5,9
PI094159,5,8
PI095780,4,8
PI095860,5,8
PI095959,4,8
PI095960,5,8
PI095969,5,8
PI096035,5,8
PI096089,3,8
PI096169,4,8
PI096257,4,8
PI096354,4,8
PI096786,4,8
PI096983,4,8
PI097066,4,8
PI097081,4,8
PI097094,5,8
PI097100,5,8
PI097150,4,8
PI097161,4,8
PI103079,4,8
PI103419A,5,9
PI123439,5,8
PI123440,3,8
PI123577A,4,9
PI123587,3,8
PI123590,5,8
PI133226,3,8
PI145079,5,8
PI148259,3,8
PI148260,5,8
PI153681,5,8
PI153682,5,8
PI157394,5,8
PI157406,3,8
PI157413,4,8
PI157422,5,8
PI157430,5,8
PI157432,4,8
PI157440,5,8
PI157443,5,8
PI157444,5,8
PI157451,5,8
PI157469,4,8
PI157470,4,8
PI157473,4,8
PI157475,5,8
PI157476,5,8
PI157478,5,8
PI157484,3,8
PI157487A,4,9
PI157488,5,8
PI157493,5,8
PI158751,4,8
PI159093,5,8
PI159094,5,8
PI159095,5,8
PI159096,5,8
PI159097,5,8
PI159319,3,8
PI159321,5,8
PI159322,4,8
PI159922,3,8
PI159923A,4,9
PI159924,3,8
PI159925,4,8
PI159926,3,8
PI159927,3,8
PI163308,1,8
PI164885,3,8
PI165524,2,8
PI165563,5,8
PI165578,5,8
PI165583,5,8
PI165671,5,8
PI165672,5,8
PI165673,5,8
PI165674,3,8
PI165675,1,8
PI165676,1,8
PI165896,5,8
PI165914,5,8
PI165926,5,8
PI165929,5,8
PI165943,5,8
PI165947,5,8
PI165989,5,8
PI166028,5,8
PI166032,5,8
PI166048,5,8
PI166105,5,8
PI166140,5,8
PI166141,5,8
PI166147,5,8
PI166438,3,8
PI170886,4,8
PI170887,4,8
PI170888,4,8
PI170889,4,8
PI170890,4,8
PI170891,4,8
PI170892,5,8
PI170893,4,8
PI170895,4,8
PI170896,4,8
PI170899,4,8
PI171430,4,8
PI171436,4,8
PI171437,4,8
PI171438,5,8
PI171439,4,8
PI171440,4,8
PI171441,4,8
PI171442,5,8
PI171443,5,8
PI171444,5,8
PI171445,1,8
PI171446,1,8
PI171451,5,8
PI172902,4,8
PI174853,5,8
PI174854,3,8
PI174855,5,8
PI174856,5,8
PI174857,5,8
PI174858,5,8
PI174859,3,8
PI174860,3,8
PI174861,3,8
PI174862,4,8
PI174863,4,8
PI174866,5,8
PI174867,3,8
PI174868,5,8
PI175174,4,8
PI175175,3,8
PI175176,3,8
PI175177,3,8
PI175178,3,8
PI175179,3,8
PI175180,5,8
PI175181,5,8
PI175182,5,8
PI175183,5,8
PI175184,3,8
PI175185,5,8
PI175186,5,8
PI175187,4,8
PI175188,5,8
PI175189,4,8
PI175190,3,8
PI175191,5,8
PI175192,4,8
PI175193,4,8
PI175194,4,8
PI175195,4,8
PI175196,5,8
PI175197,5,8
PI175198,4,8
PI175199,4,8
PI179823,4,8
PI179825,4,8
PI179935,5,8
PI180051,5,8
PI180445,5,8
PI181543,5,8
PI181544,3,8
PI181545,5,8
PI181546,5,8
PI181547,5,8
PI181556,5,8
PI181558,5,8
PI181559,4,8
PI181560,5,8
PI181561,5,8
PI181562,5,8
PI181564,5,8
PI181565,5,8
PI181566,5,8
PI181567,5,8
PI181568,5,8
PI181569,5,8
PI181696,3,8
PI181697,3,8
PI181698,3,8
PI183900,3,8
PI183929,5,8
PI183930,5,8
PI187154,5,8
PI187155,4,8
PI187156,4,8
PI189402,1,8
PI192867,5,8
PI192868,4,8
PI192869,4,8
PI192870,5,8
PI192871,2,8
PI192872,4,8
PI192873,5,8
PI192874,2,8
PI194773,3,8
PI196166,5,8
PI196168,5,8
PI196175,4,8
PI196177,5,8
PI197182,3,8
PI198078,3,8
PI200445,5,8
PI200446,5,8
PI200447,5,8
PI200448,5,8
PI200449,4,8
PI200450,5,8
PI200451,5,8
PI200452,5,8
PI200454,5,8
PI200455,5,8
PI200456,5,8
PI200459,1,8
PI200461,5,8
PI200462,5,8
PI200464,5,8
PI200465,5,8
PI200466,5,8
PI200468,5,8
PI200469,5,8
PI200472,4,8
PI200474,5,8
PI200475,5,8
PI200476,5,8
PI200477,5,8
PI200483,5,8
PI200484,5,8
PI200486,3,8
PI200487,3,8
PI200488,3,8
PI200490,5,8
PI200491,5,8
PI200492,5,8
PI200493,5,8
PI200494,5,8
PI200497,4,8
PI200498,5,8
PI200500,5,8
PI200502,5,8
PI200503,2,8
PI200505,5,8
PI200506,5,8
PI200507,5,8
PI200509,5,8
PI200510,5,8
PI200515,3,8
PI200516,5,8
PI200520,3,8
PI200521,3,8
PI200523,5,8
PI200524,5,8
PI200525,5,8
PI200526,4,8
PI200527,5,8
PI200528,5,8
PI200529,5,8
PI200530,5,8
PI200531,5,8
PI200532,5,8
PI200534,4,8
PI200538,5,8
PI200539,5,8
PI200542,5,8
PI200543,5,8
PI200544,5,8
PI200546,5,8
PI200547,5,8
PI200549,4,8
PI200550,3,8
PI200551,3,8
PI200553,4,8
PI200832,4,8
PI201421,5,8
PI201422,4,8
PI201423,5,8
PI201428,5,8
PI201431,5,8
PI203398,3,8
PI203399,3,8
PI203400,3,8
PI203402,3,8
PI203403,3,8
PI203404,5,8
PI203405,3,8
PI203406,3,8
PI204331,3,8
PI204332,3,8
PI204333,3,8
PI204334,3,8
PI204335,3,8
PI204336,3,8
PI204337,3,8
PI204338,3,8
PI204339,3,8
PI204340,3,8
PI205083,5,8
PI205384,5,8
PI205899,3,8
PI205903,3,8
PI205906,4,8
PI205907,3,8
PI205908,3,8
PI205909,3,8
PI205910,3,8
PI205911,3,8
PI205912,3,8
PI205913,3,8
PI205914,3,8
PI205915,3,8
PI206258,4,8
PI208203,4,8
PI208204,3,8
PI208429,3,8
PI208430,3,8
PI208431,5,8
PI208432,5,8
PI208433,5,8
PI208434,3,8
PI208435,3,8
PI208437,5,8
PI208438,5,8
PI208439,2,8
PI208782,5,8
PI208783,4,8
PI208784,5,8
PI208785,4,8
PI208788,5,8
PI208789,5,8
PI209333,3,8
PI209340,3,8
PI209577,3,8
PI209578,3,8
PI209833,3,8
PI209836,5,8
PI209837,3,8
PI209908,4,8
PI210178,3,8
PI210179,3,8
PI210348,3,8
PI210349,3,8
PI210350,3,8
PI210352,5,8
PI210353,5,8
PI212604,4,8
PI212605,4,8
PI212606,4,8
PI212716,2,8
PI215688,3,8
PI215690,3,8
PI215691,3,8
PI215692,3,8
PI215693,1,8
PI215755,3,8
PI215811,4,8
PI219652,5,8
PI219653,3,8
PI219654,3,8
PI219655,3,8
PI219656,1,8
PI219698,5,8
PI219732,5,8
PI219780,4,8
PI219785,5,8
PI219789,5,8
PI221713,5,8
PI221714,4,8
PI221715,5,8
PI221717,4,8
PI221972,5,8
PI221973,4,8
PI222397,4,8
PI222546,5,8
PI222547,3,8
PI222548,3,8
PI222550,3,8
PI224268,4,8
PI224269,5,8
PI224270,1,8
PI224273,5,8
PI227158,4,8
PI227159,5,8
PI227160,4,8
PI227214,5,8
PI227219,5,8
PI227221,5,8
PI227222,5,8
PI227224,5,8
PI227555,5,8
PI227557,4,8
PI227567,5,8
PI227687,4,8
PI228056,4,8
PI228064,4,8
PI228065,5,8
PI229315,5,8
PI229320,5,8
PI229321,5,8
PI229335,4,8
PI229337,4,8
PI229339,5,8
PI229346,5,8
PI229347,5,8
PI229350,3,8
PI229358,5,8
PI230970,5,8
PI230971,2,8
PI230972,1,8
PI230973,3,8
PI230974,4,8
PI230975,3,8
PI230976,5,8
PI230977,3,8
PI230978,5,8
PI230979,5,8
PI230980,3,8
PI230981,3,8
PI235347,5,8
PI238108,3,8
PI238109,3,8
PI238928,4,8
PI238929,5,8
PI238932,5,8
PI239235,3,8
PI239237,3,8
PI239484,3,8
PI240664,3,8
PI240665,3,8
PI240666,3,8
PI240669,3,8
PI240670,3,8
PI240671,4,8
PI240672,3,8
PI241424,2,8
PI245007,3,8
PI245008,3,8
PI247678,3,8
PI247679,3,8
PI248510,3,8
PI253657,3,8
PI253662,1,8
PI253664,4,8
PI255734,2,8
PI256376,2,8
PI259538,3,8
PI259539,3,8
PI259540,3,8
PI259543,3,8
PI262180,3,8
PI263044,4,8
PI265491,3,8
PI265497,4,8
PI265498,3,8
PI274422,5,8
PI274453,3,8
PI274454,3,8
PI274506,3,8
PI274507,3,8
PI274508,4,8
PI279081,3,8
PI279088,3,8
PI281885,2,8
PI281888,2,8
PI281889,2,8
PI281904,2,8
PI281907,1,8
PI283326,2,8
PI283327,3,8
PI283328,2,8
PI284814,2,8
PI284815,3,8
PI284873,2,8
PI285090,2,8
PI285091,2,8
PI285092,2,8
PI285093,3,8
PI285094,2,8
PI285095,2,8
PI303652,2,8
PI303653,4,8
PI304217,4,8
PI307836,2,8
PI307840,4,8
PI307849,2,8
PI307854,2,8
PI307857,2,8
PI307861,2,8
PI307864,2,8
PI307866,3,8
PI307881,2,8
PI307885,3,8
PI307896,2,8
PI309658,2,8
PI310439,2,8
PI310441,2,8
PI312222,4,8
PI315701,3,8
PI319525,4,8
PI319526,3,8
PI319527,2,8
PI319528,2,8
PI319529,2,8
PI319530,4,8
PI319531,4,8
PI319532,2,8
PI319533,2,8
PI322689,3,8
PI322690,3,8
PI322693,2,8
PI322694,2,8
PI322695,2,8
PI323275,3,8
PI323276,2,8
PI323278,2,8
PI323550,1,8
PI323551,2,8
PI323552,2,8
PI323553,2,8
PI323554,2,8
PI323557,2,8
PI323558,2,8
PI323559,2,8
PI323560,3,8
PI323561,2,8
PI323562,2,8
PI323564,2,8
PI323565,3,8
PI323567,2,8
PI323568,2,8
PI323569,3,8
PI323570,2,8
PI323572,2,8
PI323573,2,8
PI323574,2,8
PI323575,2,8
PI323578,2,8
PI323579,2,8
PI324066,4,8
PI324067,3,8
PI324068,2,8
PI324189,3,8
PI324190,3,8
PI324924,3,8
PI326578,2,8
PI330633,3,8
PI330634,4,8
PI330635,4,8
PI331793,2,8
PI331794,2,8
PI331795,2,8
PI339863A,2,9
PI339863B,2,9
PI339864B,2,9
PI339866,2,8
PI339867,3,8
PI339869,3,8
PI339978,3,8
PI339979,4,8
PI339980,2,8
PI339982,2,8
PI339986,3,8
PI339988,2,8
PI339989,3,8
PI339992,3,8
PI339998,5,8
PI339999,5,8
PI340000,3,8
PI340001,5,8
PI340003,5,8
PI340004,4,8
PI340006,3,8
PI340008,3,8
PI340009,3,8
PI340013,3,8
PI340014,3,8
PI340016,2,8
PI340019,4,8
PI340021B,4,9
PI340022,3,8
PI340023,3,8
PI340024,4,8
PI340025,3,8
PI340026,3,8
PI340028,4,8
PI340029,3,8
PI340030,4,8
PI340031B,4,9
PI340032,4,8
PI340043,4,8
PI340044,4,8
PI340045,3,8
PI340050,4,8
PI340051,3,8
PI341252,2,8
PI341263,1,8
PI341264,4,8
PI342002,3,8
PI342003,3,8
PI346298,1,8
PI346300,1,8
PI346301,2,8
PI346302,1,8
PI346304,2,8
PI346305,2,8
PI346306,3,8
PI346307,3,8
PI346308,4,8
PI346309,4,8
PI355067S,3,9
PI355069S,3,9
PI355070S,3,9
PI360834,2,8
PI360839,2,8
PI360851,2,8
PI365426,2,8
PI368037,2,8
PI368038,2,8
PI368039,2,8
PI371607,2,8
PI371609,2,8
PI371610,3,8
PI371611,1,8
PI371612,2,8
PI374154,2,8
PI374155,2,8
PI374156,2,8
PI374157,2,8
PI374158,2,8
PI374159,2,8
PI374160,2,8
PI374161,2,8
PI374162,2,8
PI374163,2,8
PI374164,2,8
PI374165,2,8
PI374166,2,8
PI374167,2,8
PI374168,2,8
PI374169,2,8
PI374171,2,8
PI374172,2,8
PI374173,2,8
PI374174,2,8
PI374175,2,8
PI374176,2,8
PI374177,2,8
PI374178,2,8
PI374179,1,8
PI374180,1,8
PI374181,1,8
PI374182,2,8
PI374183,1,8
PI374184,2,8
PI374186,2,8
PI374219,2,8
PI374220,2,8
PI374221,2,8
PI376069,3,8
PI376070,3,8
PI376844,3,8
PI376845,1,8
PI377573,2,8
PI377575,2,8
PI377576,2,8
PI377577,2,8
PI377578,3,8
PI379618,3,8
PI379619,2,8
PI379620,2,8
PI379621,2,8
PI379622,2,8
PI379623,2,8
PI381656,3,8
PI381657,1,8
PI381659,3,8
PI381660,5,8
PI381661,1,8
PI381662,3,8
PI381663,3,8
PI381664,4,8
PI381665,4,8
PI381666,3,8
PI381667,3,8
PI381668,3,8
PI381669,4,8
PI381670,3,8
PI381671,3,8
PI381672,2,8
PI381673,4,8
PI381674,4,8
PI381675,3,8
PI381676,3,8
PI381677,3,8
PI381678,3,8
PI381679,3,8
PI381680,2,8
PI381681,1,8
PI381682,3,8
PI381683,3,8
PI381684,3,8
PI381685,3,8
PI385943,3,8
PI391597,1,8
PI393542,2,8
PI393543,1,8
PI393544,1,8
PI393545,2,8
PI393546,1,8
PI393547,1,8
PI393548,1,8
PI393549,1,8
PI393550,1,8
PI398183,3,8
PI398184,3,8
PI398186,2,8
PI398187,3,8
PI398189,2,8
PI398192,2,8
PI398193,4,8
PI398194,2,8
PI398195,2,8
PI398196,1,8
PI398203,3,8
PI398207,3,8
PI398209,1,8
PI398210,1,8
PI398212,3,8
PI398213,4,8
PI398216,2,8
PI398217,3,8
PI398218,3,8
PI398219,3,8
PI398220,2,8
PI398238,2,8
PI398239,1,8
PI398240,2,8
PI398241,1,8
PI398246,1,8
PI398253,2,8
PI398254,2,8
PI398255,2,8
PI398259,2,8
PI398262,4,8
PI398263,2,8
PI398264,2,8
PI398266,1,8
PI398269,2,8
PI398277,1,8
PI398279,1,8
PI398280,1,8
PI398284,4,8
PI398285,2,8
PI398286,3,8
PI398287,3,8
PI398288,3,8
PI398292,2,8
PI398301,1,8
PI398302,1,8
PI398304,1,8
PI398307,2,8
PI398308,2,8
PI398309,4,8
PI398316,3,8
PI398323,2,8
PI398324,2,8
PI398328,2,8
PI398330,3,8
PI398331,4,8
PI398332,3,8
PI398333,4,8
PI398335,5,8
PI398336,4,8
PI398337,2,8
PI398338,3,8
PI398339,4,8
PI398340,3,8
PI398341,3,8
PI398343,3,8
PI398344,4,8
PI398345,4,8
PI398346,3,8
PI398347,2,8
PI398348,3,8
PI398351,2,8
PI398352,3,8
PI398353,2,8
PI398354,1,8
PI398361,1,8
PI398362,3,8
PI398363,2,8
PI398364,4,8
PI398365,2,8
PI398369,4,8
PI398370,4,8
PI398372,2,8
PI398373,4,8
PI398376,3,8
PI398377,2,8
PI398378,2,8
PI398381,2,8
PI398387,2,8
PI398390,2,8
PI398391,2,8
PI398393,3,8
PI398399,2,8
PI398400,3,8
PI398402,2,8
PI398403,3,8
PI398407,2,8
PI398409,4,8
PI398411,2,8
PI398413,1,8
PI398418,3,8
PI398422,5,8
PI398423,5,8
PI398424,5,8
PI398427,5,8
PI398428,3,8
PI398432,2,8
PI398433,2,8
PI398434,2,8
PI398436,2,8
PI398437,3,8
PI398438,2,8
PI398445,1,8
PI398447,2,8
PI398448,2,8
PI398449,3,8
PI398452,2,8
PI398453,3,8
PI398454,3,8
PI398455,3,8
PI398456,3,8
PI398457,2,8
PI398458,2,8
PI398459,2,8
PI398460,2,8
PI398461,3,8
PI398462,2,8
PI398465,3,8
PI398466,2,8
PI398467,3,8
PI398468,3,8
PI398469,2,8
PI398471,3,8
PI398473,2,8
PI398474,2,8
PI398476,1,8
PI398477,2,8
PI398478,2,8
PI398479,2,8
PI398480,2,8
PI398481,4,8
PI398483,3,8
PI398485,2,8
PI398487,2,8
PI398488,3,8
PI398496,3,8
PI398497,3,8
PI398498,2,8
PI398500,3,8
PI398502,3,8
PI398506,3,8
PI398507,1,8
PI398508,3,8
PI398509,1,8
PI398510,2,8
PI398511,2,8
PI398512,2,8
PI398513,1,8
PI398515,3,8
PI398517,5,8
PI398518,2,8
PI398520,2,8
PI398521,1,8
PI398524,2,8
PI398525,1,8
PI398526,1,8
PI398527,1,8
PI398528,2,8
PI398530,2,8
PI398533,5,8
PI398534,4,8
PI398535,3,8
PI398536,2,8
PI398538,3,8
PI398539,4,8
PI398541,3,8
PI398542,3,8
PI398543,2,8
PI398544,2,8
PI398545,3,8
PI398546,2,8
PI398547,5,8
PI398548,3,8
PI398550,2,8
PI398552,1,8
PI398553,2,8
PI398554,3,8
PI398555,2,8
PI398556,2,8
PI398557,2,8
PI398560,2,8
PI398561,2,8
PI398562,2,8
PI398563,3,8
PI398564,4,8
PI398567,4,8
PI398568,3,8
PI398569,2,8
PI398570,2,8
PI398571,3,8
PI398573,2,8
PI398574,1,8
PI398575,2,8
PI398576,2,8
PI398577,2,8
PI398578,2,8
PI398579,2,8
PI398580,2,8
PI398581,2,8
PI398582,2,8
PI398583,2,8
PI398584,2,8
PI398585,4,8
PI398586,1,8
PI398587,4,8
PI398589,3,8
PI398590,3,8
PI398591,2,8
PI398592,3,8
PI398593,3,8
PI398594,5,8
PI398595,3,8
PI398596,3,8
PI398597,2,8
PI398598,2,8
PI398602,3,8
PI398603,3,8
PI398605,2,8
PI398606,2,8
PI398607,2,8
PI398608,4,8
PI398610,3,8
PI398611,2,8
PI398612,2,8
PI398613,1,8
PI398614,3,8
PI398616,2,8
PI398618,3,8
PI398622,3,8
PI398623,3,8
PI398627,2,8
PI398629,2,8
PI398630,3,8
PI398632,3,8
PI398633,3,8
PI398635,5,8
PI398646,3,8
PI398647,2,8
PI398648,3,8
PI398649,2,8
PI398650,2,8
PI398651,1,8
PI398653,3,8
PI398658,2,8
PI398659,2,8
PI398660,2,8
PI398661,2,8
PI398662,2,8
PI398663,2,8
PI398665,2,8
PI398668,2,8
PI398670,2,8
PI398671,2,8
PI398673,2,8
PI398675,2,8
PI398676,2,8
PI398677,3,8
PI398678,2,8
PI398679,2,8
PI398683,3,8
PI398688,2,8
PI398689,2,8
PI398690,2,8
PI398692,2,8
PI398699,2,8
PI398703,2,8
PI398711,2,8
PI398713,2,8
PI398714,2,8
PI398715,2,8
PI398718,1,8
PI398719,1,8
PI398721,2,8
PI398722,2,8
PI398723,1,8
PI398724,2,8
PI398725,2,8
PI398729,3,8
PI398731,2,8
PI398732,2,8
PI398733,2,8
PI398734,2,8
PI398736,2,8
PI398740,2,8
PI398742,3,8
PI398745,3,8
PI398756,2,8
PI398760,2,8
PI398769,2,8
PI398770,1,8
PI398771,2,8
PI398777,1,8
PI398778,2,8
PI398779,2,8
PI398780,2,8
PI398781,2,8
PI398782,2,8
PI398783,2,8
PI398784,1,8
PI398785,3,8
PI398786,1,8
PI398787,1,8
PI398789,2,8
PI398792,2,8
PI398793,1,8
PI398794,1,8
PI398795,1,8
PI398796,2,8
PI398797,2,8
PI398798,1,8
PI398799,1,8
PI398800,2,8
PI398809,2,8
PI398810,2,8
PI398811,2,8
PI398812,2,8
PI398817,1,8
PI398818,1,8
PI398819,4,8
PI398824,2,8
PI398825,2,8
PI398826,2,8
PI398827,2,8
PI398828,2,8
PI398829,2,8
PI398833,2,8
PI398834,2,8
PI398835,4,8
PI398836,1,8
PI398837,1,8
PI398840,2,8
PI398844,1,8
PI398845,2,8
PI398846,2,8
PI398850,2,8
PI398851,2,8
PI398852,2,8
PI398853,2,8
PI398855,1,8
PI398860,2,8
PI398861,1,8
PI398862,1,8
PI398863,2,8
PI398865,1,8
PI398866,3,8
PI398869,4,8
PI398870,2,8
PI398874,2,8
PI398876,2,8
PI398882,4,8
PI398892,2,8
PI398893,2,8
PI398894,3,8
PI398895,2,8
PI398896,2,8
PI398897,3,8
PI398900,3,8
PI398907,3,8
PI398911,3,8
PI398917,2,8
PI398918,3,8
PI398925,1,8
PI398928,1,8
PI398932,2,8
PI398943,2,8
PI398945,2,8
PI398947,1,8
PI398948,2,8
PI398949,1,8
PI398950,3,8
PI398951,1,8
PI398952,2,8
PI398956,2,8
PI398958,3,8
PI398961,2,8
PI398962,3,8
PI398966,2,8
PI398967,2,8
PI398968,3,8
PI398969,3,8
PI398971,2,8
PI398972,3,8
PI398973,1,8
PI398974,2,8
PI398976,1,8
PI398977,2,8
PI398978,2,8
PI398979,2,8
PI398983,2,8
PI398984,1,8
PI398986,1,8
PI398991,2,8
PI398998,2,8
PI398999,2,8
PI399000,3,8
PI399002,1,8
PI399003,1,8
PI399007,4,8
PI399009,3,8
PI399012,3,8
PI399013,2,8
PI399014,2,8
PI399021,2,8
PI399024,1,8
PI399025,1,8
PI399026,3,8
PI399029,2,8
PI399032,3,8
PI399033,2,8
PI399037,3,8
PI399038,2,8
PI399040,2,8
PI399041,2,8
PI399042,2,8
PI399044,1,8
PI399045,1,8
PI399047,5,8
PI399048,4,8
PI399049,2,8
PI399050,2,8
PI399052,1,8
PI399053,1,8
PI399055,3,8
PI399056,2,8
PI399057,3,8
PI399058,2,8
PI399059,2,8
PI399060,3,8
PI399061,3,8
PI399062,4,8
PI399064,3,8
PI399065,4,8
PI399067,3,8
PI399071,2,8
PI399075,1,8
PI399076,1,8
PI399078,1,8
PI399081,2,8
PI399082,2,8
PI399083,1,8
PI399084,1,8
PI399085,1,8
PI399086,2,8
PI399087,2,8
PI399088,1,8
PI399089,2,8
PI399090,2,8
PI399095,3,8
PI399096,3,8
PI399097,3,8
PI399098,3,8
PI399099,2,8
PI399100,2,8
PI399101,1,8
PI399102,2,8
PI399103,2,8
PI399104,2,8
PI399105,2,8
PI399107,3,8
PI399108,3,8
PI399109,2,8
PI399110,3,8
PI399111,3,8
PI399113,3,8
PI399114,2,8
PI399115,2,8
PI399116,2,8
PI399117,2,8
PI399118,1,8
PI399120,2,8
PI399121,1,8
PI399122,3,8
PI399123,2,8
PI399124,2,8
PI399125,2,8
PI399126,2,8
PI407737,2,8
PI407738,1,8
PI407739,2,8
PI407742,1,8
PI407743,2,8
PI407744,1,8
PI407747,2,8
PI407748,1,8
PI407749,2,8
PI407750,2,8
PI407751,1,8
PI407752,2,8
PI407753,1,8
PI407755,2,8
PI407756,2,8
PI407757,1,8
PI407758,2,8
PI407759,2,8
PI407761,1,8
PI407762,1,8
PI407763,1,8
PI407764,1,8
PI407765,1,8
PI407766,2,8
PI407769,2,8
PI407771,1,8
PI407774,1,8
PI407775,1,8
PI407777,2,8
PI407779,1,8
PI407781C,1,9
PI407784,1,8
PI407785,1,8
PI407786B,4,9
PI407787,1,8
PI407788C,3,9
PI407789,1,8
PI407790-1,2,10
PI407790-2,1,10
PI407791,2,8
PI407792,2,8
PI407793,1,8
PI407794,1,8
PI407797,1,8
PI407798,1,8
PI407799,2,8
PI407800,1,8
PI407801,1,8
PI407802,1,8
PI407803,1,8
PI407804,1,8
PI407807,1,8
PI407808-1,1,10
PI407808-2,1,10
PI407809,1,8
PI407811,1,8
PI407813,1,8
PI407814-1,1,10
PI407814-2,1,10
PI407815,2,8
PI407816,1,8
PI407819,1,8
PI407821B,2,9
PI407822,2,8
PI407824,1,8
PI407825,4,8
PI407826,3,8
PI407830,2,8
PI407833B,5,9
PI407833C,2,9
PI407834,2,8
PI407835,2,8
PI407836,1,8
PI407837,1,8
PI407838,1,8
PI407839-1,1,10
PI407839-2,1,10
PI407840,1,8
PI407841,1,8
PI407842,1,8
PI407843,1,8
PI407844,1,8
PI407846,1,8
PI407852,1,8
PI407853,1,8
PI407854,1,8
PI407855,1,8
PI407856,1,8
PI407857,1,8
PI407859-1,1,10
PI407859-2,1,10
PI407864,1,8
PI407865,1,8
PI407866,1,8
PI407867C,1,9
PI407868C,3,9
PI407871,1,8
PI407872B,1,9
PI407874-1,1,10
PI407874-2,1,10
PI407876,2,8
PI407877C,3,9
PI407878,2,8
PI407879,1,8
PI407880,2,8
PI407881,2,8
PI407882,2,8
PI407884,2,8
PI407885,1,8
PI407887,1,8
PI407888,1,8
PI407889,1,8
PI407890-1,1,10
PI407890-2,1,10
PI407891,1,8
PI407892B,3,9
PI407893,1,8
PI407894,1,8
PI407896,1,8
PI407898B,2,9
PI407899,2,8
PI407901,1,8
PI407909,1,8
PI407910,1,8
PI407911,1,8
PI407912,1,8
PI407915,1,8
PI407916,1,8
PI407919,1,8
PI407920,1,8
PI407921,1,8
PI407923,1,8
PI407929,1,8
PI407930,3,8
PI407931,1,8
PI407935,1,8
PI407936,1,8
PI407937-2,1,10
PI407938,1,8
PI407940,1,8
PI407942,1,8
PI407943,1,8
PI407944,1,8
PI407945,1,8
PI407946-1,1,10
PI407948,1,8
PI407950-1,2,10
PI407950-2,2,10
PI407951,2,8
PI407953,1,8
PI407954,2,8
PI407955,2,8
PI407956,2,8
PI407957,2,8
PI407961-1,2,10
PI407961-2,1,10
PI407962-1,2,10
PI407962-2,1,10
PI407963,1,8
PI407964,1,8
PI407965,1,8
PI407966C,3,9
PI407967,1,8
PI407968,1,8
PI407969,2,8
PI407970,1,8
PI407973B,1,9
PI407975B,2,9
PI407978,2,8
PI407980,2,8
PI407982,1,8
PI407983,1,8
PI407984,1,8
PI407986B,3,9
PI407987,1,8
PI407989,1,8
PI407990,1,8
PI407993,1,8
PI407994,1,8
PI407995,1,8
PI407997,2,8
PI407998B,3,9
PI407998D,3,9
PI407999-1,1,10
PI407999-2,1,10
PI408000,1,8
PI408001,1,8
PI408002,1,8
PI408003-1,1,10
PI408003-2,1,10
PI408004-2,1,10
PI408007,3,8
PI408009,1,8
PI408010-2,1,10
PI408011,1,8
PI408012,1,8
PI408022,1,8
PI408023,2,8
PI408024,1,8
PI408027,1,8
PI408031,1,8
PI408034,2,8
PI408035,2,8
PI408037,1,8
PI408038,1,8
PI408040-1,2,10
PI408040-2,1,10
PI408041,1,8
PI408042,1,8
PI408043,1,8
PI408044,1,8
PI408045,2,8
PI408046,1,8
PI408047,1,8
PI408049,1,8
PI408051,3,8
PI408053,1,8
PI408054,1,8
PI408055D,1,9
PI408056,1,8
PI408059,1,8
PI408060,2,8
PI408061,1,8
PI408063,1,8
PI408066B,1,9
PI408067B,3,9
PI408068C,3,9
PI408076C,1,9
PI408077,1,8
PI408078,1,8
PI408079B,1,9
PI408080,1,8
PI408081,2,8
PI408082,2,8
PI408083B,1,9
PI408084A,1,9
PI408084C,1,9
PI408085,1,8
PI408086,1,8
PI408087,2,8
PI408088,2,8
PI408091,1,8
PI408092C,2,9
PI408093,1,8
PI408094-1,1,10
PI408094-2,1,10
PI408095C,2,9
PI408096,1,8
PI408098,1,8
PI408099,1,8
PI408100A,1,9
PI408101,2,8
PI408102,1,8
PI408104,1,8
PI408106,1,8
PI408107,1,8
PI408109B,2,9
PI408110B,2,9
PI408112,1,8
PI408113,1,8
PI408115,1,8
PI408117,1,8
PI408118,1,8
PI408120,1,8
PI408121,1,8
PI408122,3,8
PI408123,2,8
PI408127,2,8
PI408129,2,8
PI408134B,1,9
PI408134C,1,9
PI408139,2,8
PI408141,1,8
PI408142,1,8
PI408143,1,8
PI408144,1,8
PI408145,1,8
PI408146,1,8
PI408147,1,8
PI408148,1,8
PI408149,1,8
PI408150,1,8
PI408151,2,8
PI408152,1,8
PI408153,1,8
PI408154,1,8
PI408155,1,8
PI408156,1,8
PI408157,1,8
PI408158,1,8
PI408159,1,8
PI408160,2,8
PI408161,1,8
PI408162,1,8
PI408163,1,8
PI408164,1,8
PI408165,3,8
PI408166C,1,9
PI408167A,4,9
PI408167B,3,9
PI408167C,3,9
PI408168,1,8
PI408169C,3,9
PI408176,1,8
PI408177,1,8
PI408180-1,2,10
PI408180-2,1,10
PI408181B,1,9
PI408181C,1,9
PI408182,1,8
PI408183,1,8
PI408184B,3,9
PI408185,2,8
PI408186A,2,9
PI408186C,1,9
PI408188,1,8
PI408190,1,8
PI408191A,1,9
PI408191B,1,9
PI408192-1,1,10
PI408192-2,1,10
PI408195,2,8
PI408200B,4,9
PI408202,1,8
PI408204,1,8
PI408205,2,8
PI408206-1,1,10
PI408206-2,1,10
PI408207-1,2,10
PI408207-2,1,10
PI408208,1,8
PI408213,2,8
PI408215B,2,9
PI408218,1,8
PI408219,2,8
PI408220,2,8
PI408221C,1,9
PI408223,1,8
PI408226B,3,9
PI408228A,5,9
PI408229B,3,9
PI408238-1,1,10
PI408238-2,2,10
PI408239,1,8
PI408240,1,8
PI408241,1,8
PI408242,1,8
PI408243,1,8
PI408244,1,8
PI408246-1,1,10
PI408246-2,1,10
PI408247,3,8
PI408250,3,8
PI408251,1,8
PI408252,1,8
PI408253,1,8
PI408254,1,8
PI408259B,2,9
PI408265C,3,9
PI408266,1,8
PI408267,3,8
PI408268,1,8
PI408269C,1,9
PI408270C,2,9
PI408274,1,8
PI408278,1,8
PI408279,1,8
PI408282,1,8
PI408283,2,8
PI408285C,1,9
PI408286,2,8
PI408293-2,1,10
PI408294B,1,9
PI408296B,2,9
PI408303,1,8
PI408304,1,8
PI408305,1,8
PI408307B,1,9
PI408308A,3,9
PI408308B,3,9
PI408311-2,1,10
PI408313,2,8
PI408317,1,8
PI408318B,1,9
PI408322,1,8
PI408323,1,8
PI408324,1,8
PI408325,1,8
PI408326,1,8
PI408327B,2,9
PI408328,1,8
PI408330,1,8
PI408331,1,8
PI408332B,1,9
PI408332C,3,9
PI408336,1,8
PI408337,1,8
PI408339,1,8
PI408340,1,8
PI408342,1,8
PI408343,1,8
PI408344,1,8
PI408345,1,8
PI416754,2,8
PI416758,2,8
PI416759,2,8
PI416760,2,8
PI416764,2,8
PI416765,2,8
PI416766,2,8
PI416767,2,8
PI416768,1,8
PI416770,3,8
PI416771,2,8
PI416775,3,8
PI416778,2,8
PI416781,2,8
PI416783,2,8
PI416785,2,8
PI416787,1,8
PI416788,1,8
PI416790,2,8
PI416792,2,8
PI416793,2,8
PI416794,1,8
PI416795,2,8
PI416796,1,8
PI416797,1,8
PI416798,2,8
PI416799,1,8
PI416800,2,8
PI416803,1,8
PI416804,2,8
PI416806,2,8
PI416807,2,8
PI416808,1,8
PI416809,2,8
PI416810,2,8
PI416811,2,8
PI416812,2,8
PI416813,3,8
PI416814,2,8
PI416815,2,8
PI416820,2,8
PI416821,2,8
PI416824,4,8
PI416827,2,8
PI416828,2,8
PI416838,2,8
PI416843,2,8
PI416844,1,8
PI416847,1,8
PI416848,2,8
PI416849,2,8
PI416850,1,8
PI416851,1,8
PI416860,2,8
PI416861,2,8
PI416867,3,8
PI416871,2,8
PI416876,2,8
PI416877,2,8
PI416881,2,8
PI416883,3,8
PI416885,2,8
PI416886,2,8
PI416893,3,8
PI416895,2,8
PI416899,2,8
PI416900,2,8
PI416901,2,8
PI416903,2,8
PI416907,2,8
PI416908,2,8
PI416909,2,8
PI416912,2,8
PI416922,2,8
PI416924,1,8
PI416925,2,8
PI416927,1,8
PI416928,3,8
PI416931,2,8
PI416932,2,8
PI416933,2,8
PI416935,2,8
PI416937,2,8
PI416938,2,8
PI416944,2,8
PI416947,3,8
PI416948,2,8
PI416949,2,8
PI416951,2,8
PI416955,2,8
PI416957,1,8
PI416960,2,8
PI416962,2,8
PI416969,2,8
PI416973,1,8
PI416977,2,8
PI416979,2,8
PI416980,4,8
PI416981,2,8
PI416982,2,8
PI416999,2,8
PI417000,2,8
PI417008,2,8
PI417009,2,8
PI417011,2,8
PI417013,2,8
PI417016,2,8
PI417025,2,8
PI417026,2,8
PI417031,2,8
PI417034,2,8
PI417036,1,8
PI417037,1,8
PI417038,2,8
PI417039,2,8
PI417041,1,8
PI417047,4,8
PI417048,2,8
PI417052,2,8
PI417053,2,8
PI417055,2,8
PI417058,1,8
PI417061,2,8
PI417063,3,8
PI417068,2,8
PI417069,2,8
PI417073,2,8
PI417074,2,8
PI417081,2,8
PI417083,1,8
PI417085,2,8
PI417088,2,8
PI417090,2,8
PI417093,1,8
PI417097,2,8
PI417098,2,8
PI417099,2,8
PI417103,2,8
PI417104,1,8
PI417105,2,8
PI417106,1,8
PI417108,2,8
PI417109,2,8
PI417110,2,8
PI417111,1,8
PI417112,3,8
PI417113,2,8
PI417114,2,8
PI417115,2,8
PI417116,2,8
PI417117,2,8
PI417118,2,8
PI417119,2,8
PI417120,2,8
PI417122,3,8
PI417123,2,8
PI417124,2,8
PI417125,2,8
PI417126,2,8
PI417127,2,8
PI417128,3,8
PI417130,2,8
PI417131,2,8
PI417132,3,8
PI417133,3,8
PI417134,2,8
PI417135B,2,9
PI417136,2,8
PI417141,2,8
PI417146,2,8
PI417149,2,8
PI417153,3,8
PI417156,2,8
PI417157,2,8
PI417158,2,8
PI417159,2,8
PI417164,2,8
PI417165,2,8
PI417166,1,8
PI417169,2,8
PI417172,2,8
PI417181,2,8
PI417188,2,8
PI417190,2,8
PI417193,2,8
PI417194,2,8
PI417197,2,8
PI417203,2,8
PI417204,2,8
PI417205,2,8
PI417206,3,8
PI417208,2,8
PI417209,2,8
PI417211,2,8
PI417212,2,8
PI417215,2,8
PI417216,2,8
PI417220,2,8
PI417221,2,8
PI417222,3,8
PI417223,2,8
PI417224,2,8
PI417235,1,8
PI417236,2,8
PI417237,2,8
PI417240,2,8
PI417247,2,8
PI417250,2,8
PI417251,2,8
PI417252,2,8
PI417253,2,8
PI417256,2,8
PI417258,2,8
PI417259,2,8
PI417261,2,8
PI417262,2,8
PI417263,2,8
PI417264,2,8
PI417265,2,8
PI417266,2,8
PI417267,2,8
PI417270,2,8
PI417271,2,8
PI417272,2,8
PI417273,2,8
PI417275,2,8
PI417277,2,8
PI417280,2,8
PI417281,2,8
PI417284,2,8
PI417288,2,8
PI417289,3,8
PI417290,1,8
PI417306,2,8
PI417307,2,8
PI417308,1,8
PI417309B,2,9
PI417310,2,8
PI417311,3,8
PI417313,2,8
PI417314,2,8
PI417316,2,8
PI417317,2,8
PI417318,3,8
PI417319,3,8
PI417320,2,8
PI417322,1,8
PI417329,1,8
PI417330,2,8
PI417331,2,8
PI417332,2,8
PI417335,2,8
PI417337,2,8
PI417341,2,8
PI417342,2,8
PI417346,1,8
PI417347,1,8
PI417348,2,8
PI417350,2,8
PI417351,2,8
PI417352,2,8
PI417356,2,8
PI417357,2,8
PI417358,2,8
PI417359,2,8
PI417360,2,8
PI417363,2,8
PI417366,2,8
PI417369,2,8
PI417370,2,8
PI417372,2,8
PI417373,2,8
PI417374,1,8
PI417375,2,8
PI417376,2,8
PI417377,2,8
PI417378,2,8
PI417379,2,8
PI417383,2,8
PI417385,2,8
PI417386,2,8
PI417387,2,8
PI417388,2,8
PI417390,1,8
PI417392,2,8
PI417394,2,8
PI417395,2,8
PI417396,2,8
PI417399,2,8
PI417402,2,8
PI417403,2,8
PI417404,2,8
PI417405,2,8
PI417406,2,8
PI417407,2,8
PI417408,2,8
PI417409,2,8
PI417410,2,8
PI417411,2,8
PI417414A,1,9
PI417415,1,8
PI417416,2,8
PI417418,2,8
PI417419,2,8
PI417420,2,8
PI417421,2,8
PI417422,2,8
PI417423,2,8
PI417426,2,8
PI417427,1,8
PI417428,1,8
PI417430,2,8
PI417439,2,8
PI417440,2,8
PI417441,2,8
PI417442,2,8
PI417443,2,8
PI417444,1,8
PI417445,2,8
PI417462,2,8
PI417463,2,8
PI417464,2,8
PI417465,2,8
PI417466,2,8
PI417467,2,8
PI417469,2,8
PI417470,2,8
PI417472D,2,9
PI417473,2,8
PI417474,1,8
PI417475,2,8
PI417477,1,8
PI417481,2,8
PI417483,2,8
PI417484,1,8
PI417486,2,8
PI417489,2,8
PI417490,2,8
PI417491,1,8
PI417492,2,8
PI417493,2,8
PI417494,2,8
PI417496,2,8
PI417497,3,8
PI417498,2,8
PI417499,1,8
PI417500,1,8
PI417501,2,8
PI417502,1,8
PI417503,2,8
PI417504,2,8
PI417505,1,8
PI417561,2,8
PI417562,2,8
PI417563,2,8
PI417566,2,8
PI417567,2,8
PI417569,2,8
PI417581,2,8
PI417582,2,8
PI423720,5,8
PI423722,2,8
PI423723,5,8
PI423724,5,8
PI423726,1,8
PI423727,1,8
PI423732,2,8
PI423738,1,8
PI423742,1,8
PI423745,1,8
PI423751,1,8
PI423754,1,8
PI423758,1,8
PI423759,2,8
PI423760,1,8
PI423761,1,8
PI423762,1,8
PI423764,1,8
PI423767,1,8
PI423772,1,8
PI423773,1,8
PI423774,1,8
PI423775,1,8
PI423781A,3,9
PI423781B,3,9
PI423782,2,8
PI423785,1,8
PI423786,2,8
PI423799C,3,9
PI423801,3,8
PI423804,1,8
PI423805,1,8
PI423806,1,8
PI423807,1,8
PI423810,2,8
PI423817,1,8
PI423820,2,8
PI423823,1,8
PI423824,1,8
PI423827B,1,9
PI423828,1,8
PI423832,3,8
PI423834,1,8
PI423837B,2,9
PI423840,1,8
PI423844,3,8
PI423847,1,8
PI423854,1,8
PI423855,1,8
PI423856,1,8
PI423857,2,8
PI423860,1,8
PI423862,2,8
PI423873,3,8
PI423874,3,8
PI423875,1,8
PI423876,1,8
PI423886,1,8
PI423901-1,3,10
PI423901-2,3,10
PI423904,1,8
PI423906,3,8
PI423908,4,8
PI423911,2,8
PI423912,1,8
PI423913,3,8
PI423914B,3,9
PI423915,1,8
PI423917,4,8
PI423919,3,8
PI423920,2,8
PI423922,4,8
PI423923,3,8
PI423924,2,8
PI423925,1,8
PI423928,2,8
PI423957,2,8
PI423958,4,8
PI423959,4,8
PI423962,2,8
PI423963,2,8
PI423964,2,8
PI423965,3,8
PI423966,4,8
PI423968,2,8
PI423969,3,8
PI423970,2,8
PI423972,2,8
PI423981,3,8
PI423982,3,8
PI423984,3,8
PI423985,3,8
PI424131,3,8
PI424136,3,8
PI424137A,3,9
PI424137B,3,9
PI424138,3,8
PI424141A,3,9
PI424141B,3,9
PI424144,2,8
PI424156C,3,9
PI424156D,2,9
PI424166,1,8
PI424170,1,8
PI424176,3,8
PI424178A,1,9
PI424178B,1,9
PI424182A,3,9
PI424183,3,8
PI424186,3,8
PI424187,3,8
PI424212,3,8
PI424213,3,8
PI424218,2,8
PI424222B,3,9
PI424222C,3,9
PI424237B,2,9
PI424240,3,8
PI424248,2,8
PI424251B,1,9
PI424269B,1,9
PI424269C,2,9
PI424290,2,8
PI424294C,2,9
PI424296C,3,9
PI424300B,2,9
PI424309B,3,9
PI424324B,1,9
PI424325,3,8
PI424331,3,8
PI424333,2,8
PI424334,3,8
PI424337-1,2,10
PI424340A,3,9
PI424340B,2,9
PI424341,3,8
PI424362,1,8
PI424363,2,8
PI424365,2,8
PI424376,3,8
PI424378,1,8
PI424390,3,8
PI424392,1,8
PI424393,1,8
PI424394,1,8
PI424398,3,8
PI424404,3,8
PI424415,3,8
PI424417,3,8
PI424418,3,8
PI424439,3,8
PI424440,3,8
PI424441,3,8
PI424445,3,8
PI424446,3,8
PI424448,3,8
PI424451,2,8
PI424455,3,8
PI424457,2,8
PI424474-1,2,10
PI424474-2,2,10
PI424475,2,8
PI424480,1,8
PI424482,4,8
PI424491B,1,9
PI424493B,3,9
PI424496,1,8
PI424507,2,8
PI424508,1,8
PI424510,1,8
PI424514,3,8
PI424515,2,8
PI424521B,3,9
PI424526,2,8
PI424551,3,8
PI424553,3,8
PI424558B,3,9
PI424560,3,8
PI424562,3,8
PI424576,2,8
PI424577,3,8
PI424578,3,8
PI424585,3,8
PI424586,3,8
PI424589,3,8
PI424593,2,8
PI424598,3,8
PI424601,3,8
PI424602,2,8
PI424603,3,8
PI424605B,2,9
PI424606,3,8
PI424616,3,8
PI427276,1,8
PI429328,2,8
PI429329,1,8
PI429330,2,8
PI430600B,1,9
PI430626,1,8
PI434981,2,8
PI434982,1,8
PI436563,2,8
PI436565,3,8
PI436566,3,8
PI436568,2,8
PI437126B,3,9
PI437126C,2,9
PI437562,2,8
PI437586B,3,9
PI437586C,3,9
PI437591,2,8
PI437668,3,8
PI437670,1,8
PI437671,3,8
PI437696,3,8
PI437717,2,8
PI437719,2,8
PI437734,1,8
PI437813,3,8
PI438278,1,8
PI438282B,1,9
PI438293,3,8
PI438294,2,8
PI438297,3,8
PI438302B,2,9
PI438306,2,8
PI438343,3,8
PI438344,2,8
PI438347,3,8
PI438425,3,8
PI438428,1,8
PI438430,2,8
PI438439,2,8
PI438440-1,2,10
PI438440-2,3,10
PI441352,2,8
PI441353,2,8
PI441355,2,8
PI441358,1,8
PI441359,1,8
PI441377,2,8
PI441378,3,8
PI441381,2,8
PI442003A,2,9
PI442003B,1,9
PI442009A,3,9
PI442009B,3,9
PI442014,3,8
PI442017,3,8
PI442020,2,8
PI445683,2,8
PI445842,3,8
PI445843,3,8
PI458024B,2,9
PI458025,3,8
PI458027,2,8
PI458028,3,8
PI458032,3,8
PI458033,2,8
PI458044,1,8
PI458045B,1,9
PI458048,2,8
PI458054,3,8
PI458058,3,8
PI458059,3,8
PI458068,3,8
PI458069,1,8
PI458070C,1,9
PI458070D,2,9
PI458072B,3,9
PI458073,2,8
PI458076,3,8
PI458081,1,8
PI458083,4,8
PI458085B,3,9
PI458091,4,8
PI458092,3,8
PI458093,3,8
PI458094,2,8
PI458096,3,8
PI458097,2,8
PI458099,1,8
PI458100,1,8
PI458102,1,8
PI458107,2,8
PI458108,2,8
PI458122,1,8
PI458124,2,8
PI458126,1,8
PI458127,1,8
PI458128,2,8
PI458130,2,8
PI458143,2,8
PI458146,3,8
PI458150A,3,9
PI458150B,3,9
PI458150C,5,9
PI458153,4,8
PI458154,3,8
PI458155,3,8
PI458159,2,8
PI458161,2,8
PI458162,3,8
PI458164,2,8
PI458167,3,8
PI458168,3,8
PI458170,2,8
PI458172B,2,9
PI458173,2,8
PI458174,1,8
PI458180,2,8
PI458182,2,8
PI458183,3,8
PI458185,3,8
PI458186,2,8
PI458187,3,8
PI458192,2,8
PI458193,2,8
PI458196,3,8
PI458198,3,8
PI458200,1,8
PI458206,3,8
PI458210,3,8
PI458211,3,8
PI458212,3,8
PI458213,3,8
PI458214,1,8
PI458215,2,8
PI458218,2,8
PI458219,1,8
PI458220,2,8
PI458223,1,8
PI458225,1,8
PI458228,2,8
PI458230B,3,9
PI458236B,3,9
PI458238,1,8
PI458239,3,8
PI458240,2,8
PI458241,2,8
PI458242,2,8
PI458243,1,8
PI458245,2,8
PI458250,1,8
PI458251,3,8
PI458253,2,8
PI458256,2,8
PI458257,2,8
PI458258,2,8
PI458260,3,8
PI458261,3,8
PI458263,3,8
PI458264,2,8
PI458265,1,8
PI458267,1,8
PI458268,2,8
PI458270,2,8
PI458271,2,8
PI458272,1,8
PI458273,2,8
PI458274,2,8
PI458275,2,8
PI458278A,2,9
PI458278B,3,9
PI458279,1,8
PI458281A,3,9
PI458281B,4,9
PI458283,1,8
PI458284,3,8
PI458285,3,8
PI458289,3,8
PI458291,2,8
PI458292,2,8
PI458293,3,8
PI458297,1,8
PI458300,1,8
PI458305,1,8
PI458306B,1,9
PI462312,3,8
PI464932,2,8
PI464933,3,8
PI468130,1,8
PI468131,2,8
PI468964,2,8
PI468965,2,8
PI468966,1,8
PI468967,2,8
PI468969,1,8
PI468970,3,8
PI468971,2,8
PI468972,2,8
PI468973,2,8
PI471903,3,8
PI471927,3,8
PI471931,2,8
PI471932,3,8
PI471933,3,8
PI471934,2,8
PI471935,3,8
PI471936,2,8
PI471938,3,8
PI471940,3,8
PI471941,4,8
PI471942,2,8
PI476879,2,8
PI476883,3,8
PI476884,2,8
PI476885,2,8
PI476888,3,8
PI476889,2,8
PI476890,2,8
PI476891,3,8
PI476892,1,8
PI476894,3,8
PI476895,3,8
PI476896,2,8
PI476897,3,8
PI476898,2,8
PI476900,3,8
PI476901,3,8
PI476907,3,8
PI476908,2,8
PI476910,2,8
PI476912,2,8
PI476913,2,8
PI476915,2,8
PI476916,3,8
PI476917,2,8
PI476918,3,8
PI476919,2,8
PI476920,2,8
PI476921,2,8
PI476924,2,8
PI476925,3,8
PI476929,2,8
PI476930,3,8
PI476931,2,8
PI476932,2,8
PI476933,2,8
PI476934,3,8
PI476943,2,8
PI481679,3,8
PI481683,3,8
PI481686,3,8
PI481690,3,8
PI481691,3,8
PI482602,3,8
PI483083,2,8
PI486328,1,8
PI486329,1,8
PI486330,2,8
PI486332,1,8
PI486335,3,8
PI494181,3,8
PI494752,2,8
PI494851,1,8
PI495019,2,8
PI497958,2,8
PI497960,3,8
PI497961,3,8
PI497962,2,8
PI497965,2,8
PI497966,3,8
PI497967,2,8
PI497968,2,8
PI499955,3,8
PI500648,2,8
PI504495,2,8
PI504507,3,8
PI504510,1,8
PI506471,3,8
PI506472,3,8
PI506473,3,8
PI506474,3,8
PI506475,3,8
PI506483,3,8
PI506484,3,8
PI506485,3,8
PI506486,2,8
PI506487,3,8
PI506488,3,8
PI506489,3,8
PI506490,3,8
PI506491,2,8
PI506492,3,8
PI506493,3,8
PI506494,3,8
PI506495,3,8
PI506496,3,8
PI506497,3,8
PI506499,3,8
PI506500,3,8
PI506501,3,8
PI506502,3,8
PI506503,3,8
PI506504,3,8
PI506505,3,8
PI506506,3,8
PI506507,3,8
PI506508,1,8
PI506509,3,8
PI506510,3,8
PI506512,3,8
PI506513,3,8
PI506514,3,8
PI506517,3,8
PI506518,3,8
PI506522,3,8
PI506530,1,8
PI506531,3,8
PI506532,3,8
PI506533,3,8
PI506534,3,8
PI506535,1,8
PI506536,3,8
PI506537,3,8
PI506538,3,8
PI506539,3,8
PI506540,1,8
PI506541,3,8
PI506542,1,8
PI506543,3,8
PI506544,3,8
PI506545,1,8
PI506546,3,8
PI506547,3,8
PI506548,3,8
PI506549,3,8
PI506550A,1,9
PI506550B,1,9
PI506551,3,8
PI506552,3,8
PI506553,3,8
PI506554,3,8
PI506555,3,8
PI506556,3,8
PI506557,1,8
PI506558,3,8
PI506559,1,8
PI506561,1,8
PI506564,3,8
PI506565,3,8
PI506566,1,8
PI506567,1,8
PI506568,1,8
PI506569,3,8
PI506570,1,8
PI506571,3,8
PI506577,1,8
PI506578,1,8
PI506579,3,8
PI506580,3,8
PI506582,3,8
PI506583,3,8
PI506584,3,8
PI506585A,3,9
PI506585B,3,9
PI506586,3,8
PI506589,3,8
PI506593,3,8
PI506594,3,8
PI506597,3,8
PI506598,3,8
PI506599,3,8
PI506600,4,8
PI506603,3,8
PI506604,1,8
PI506605,3,8
PI506606,3,8
PI506607,3,8
PI506608,3,8
PI506611,3,8
PI506612,3,8
PI506613,3,8
PI506614,3,8
PI506615,3,8
PI506616,3,8
PI506617,3,8
PI506618,3,8
PI506619,2,8
PI506620,3,8
PI506621,3,8
PI506622,2,8
PI506623,3,8
PI506624,3,8
PI506625,3,8
PI506626,3,8
PI506627,3,8
PI506628,2,8
PI506629,3,8
PI506630,3,8
PI506632,3,8
PI506633,3,8
PI506636,3,8
PI506638,3,8
PI506639,3,8
PI506640,3,8
PI506643,3,8
PI506644,3,8
PI506645,2,8
PI506646,3,8
PI506647,3,8
PI506648,3,8
PI506649,1,8
PI506650,3,8
PI506651,1,8
PI506653,3,8
PI506656,3,8
PI506660,3,8
PI506664,3,8
PI506665,2,8
PI506666,3,8
PI506667,3,8
PI506668,3,8
PI506670,3,8
PI506675,3,8
PI506676,3,8
PI506677,1,8
PI506679,2,8
PI506680,2,8
PI506682,3,8
PI506686,3,8
PI506687,3,8
PI506688,1,8
PI506689,3,8
PI506690,3,8
PI506691,3,8
PI506694,3,8
PI506695,3,8
PI506696,1,8
PI506702,3,8
PI506704,3,8
PI506706,3,8
PI506707,3,8
PI506708,3,8
PI506712,2,8
PI506713,3,8
PI506714,1,8
PI506717,3,8
PI506718,3,8
PI506719,3,8
PI506725,3,8
PI506729,3,8
PI506730,3,8
PI506733B,3,9
PI506735A,3,9
PI506735B,3,9
PI506736,3,8
PI506737,3,8
PI506738,3,8
PI506739,3,8
PI506740,3,8
PI506741,1,8
PI506742,3,8
PI506743,3,8
PI506744,3,8
PI506745,3,8
PI506746,3,8
PI506747,3,8
PI506748,3,8
PI506749,3,8
PI506750,3,8
PI506751,3,8
PI506752,3,8
PI506753,3,8
PI506754,3,8
PI506755,3,8
PI506756,3,8
PI506757,3,8
PI506761,3,8
PI506763,3,8
PI506764,3,8
PI506767,3,8
PI506768,3,8
PI506772,3,8
PI506773,3,8
PI506774,3,8
PI506775,3,8
PI506776,3,8
PI506777,3,8
PI506778,3,8
PI506780,3,8
PI506781,5,8
PI506783,3,8
PI506786,3,8
PI506791,3,8
PI506792,3,8
PI506794,3,8
PI506795,3,8
PI506796,3,8
PI506797,3,8
PI506798,3,8
PI506802,3,8
PI506804,3,8
PI506805,3,8
PI506806,3,8
PI506807,3,8
PI506810,3,8
PI506811,2,8
PI506812,3,8
PI506813,1,8
PI506817,3,8
PI506822,3,8
PI506826,3,8
PI506827,3,8
PI506828,3,8
PI506829,3,8
PI506830,3,8
PI506831,3,8
PI506834,2,8
PI506835,1,8
PI506844,2,8
PI506845,2,8
PI506846,3,8
PI506851,3,8
PI506854,3,8
PI506856,3,8
PI506871,3,8
PI506875,3,8
PI506877,3,8
PI506878,3,8
PI506879,3,8
PI506880,3,8
PI506884,1,8
PI506885,3,8
PI506886,3,8
PI506888,3,8
PI506889,1,8
PI506890,3,8
PI506891,3,8
PI506893,2,8
PI506902,3,8
PI506904,3,8
PI506905,3,8
PI506907,3,8
PI506908,3,8
PI506910,3,8
PI506914,1,8
PI506915,3,8
PI506919,3,8
PI506921,3,8
PI506922,3,8
PI506923,3,8
PI506924,3,8
PI506926,3,8
PI506934,3,8
PI506936,3,8
PI506938,3,8
PI506939,3,8
PI506940,3,8
PI506941,3,8
PI506944,3,8
PI506946,3,8
PI506947,3,8
PI506948,3,8
PI506949,3,8
PI506950,3,8
PI506952,3,8
PI506953,3,8
PI506955,3,8
PI506956,3,8
PI506957,3,8
PI506958,3,8
PI506959,2,8
PI506960,3,8
PI506961,3,8
PI506962,3,8
PI506963,3,8
PI506964,1,8
PI506965,1,8
PI506966,3,8
PI506967,3,8
PI506968,3,8
PI506969,3,8
PI506970,3,8
PI506971,3,8
PI506972,3,8
PI506974,3,8
PI506975,3,8
PI506976,3,8
PI506977,3,8
PI506978,3,8
PI506979,3,8
PI506980,3,8
PI506981,3,8
PI506983,3,8
PI506984,3,8
PI506985,2,8
PI506986,1,8
PI506988,3,8
PI506990,3,8
PI506991,3,8
PI506996,3,8
PI506997,3,8
PI506999,3,8
PI507000,1,8
PI507001,3,8
PI507002,1,8
PI507003,1,8
PI507004,1,8
PI507005,1,8
PI507006,3,8
PI507007,1,8
PI507008,3,8
PI507009,3,8
PI507010,3,8
PI507011,3,8
PI507012,3,8
PI507013,3,8
PI507014,1,8
PI507018,2,8
PI507020,1,8
PI507023,1,8
PI507024,1,8
PI507030,3,8
PI507031,3,8
PI507032,3,8
PI507033,3,8
PI507034,3,8
PI507035,1,8
PI507036,3,8
PI507037,3,8
PI507039,1,8
PI507040,3,8
PI507041,3,8
PI507042,1,8
PI507043,1,8
PI507044,3,8
PI507045,3,8
PI507046,3,8
PI507048,3,8
PI507049,3,8
PI507050,3,8
PI507052,3,8
PI507055,3,8
PI507056,1,8
PI507057,3,8
PI507058,3,8
PI507059,1,8
PI507068,3,8
PI507069,3,8
PI507070,3,8
PI507074,1,8
PI507075,1,8
PI507076,3,8
PI507077,3,8
PI507078,1,8
PI507079,3,8
PI507081,3,8
PI507084,1,8
PI507085,3,8
PI507087,3,8
PI507088,3,8
PI507095B,3,9
PI507096,3,8
PI507098,2,8
PI507099,3,8
PI507102,1,8
PI507103,1,8
PI507105,3,8
PI507109,3,8
PI507110,3,8
PI507111,3,8
PI507112,3,8
PI507113,3,8
PI507114,1,8
PI507115,3,8
PI507116,3,8
PI507117A,3,9
PI507117B,3,9
PI507118,1,8
PI507119,1,8
PI507120,3,8
PI507121,3,8
PI507122,3,8
PI507124,3,8
PI507126,3,8
PI507127,3,8
PI507128,3,8
PI507135,3,8
PI507136,3,8
PI507137,1,8
PI507138,3,8
PI507139,3,8
PI507140,3,8
PI507142,1,8
PI507143,1,8
PI507144,3,8
PI507146,1,8
PI507154,3,8
PI507156,1,8
PI507157,3,8
PI507159,3,8
PI507161,2,8
PI507170,3,8
PI507177,3,8
PI507183,3,8
PI507185,3,8
PI507186,3,8
PI507187,3,8
PI507192,3,8
PI507193,1,8
PI507194,1,8
PI507202,1,8
PI507203,3,8
PI507205,1,8
PI507206,1,8
PI507207,1,8
PI507208,1,8
PI507209,3,8
PI507210,3,8
PI507211,3,8
PI507212,3,8
PI507214,3,8
PI507215,3,8
PI507216A,3,9
PI507216B,3,9
PI507217,3,8
PI507218,3,8
PI507219,3,8
PI507220,3,8
PI507223,3,8
PI507224,3,8
PI507225,3,8
PI507227,1,8
PI507228,3,8
PI507230,3,8
PI507231,3,8
PI507233,3,8
PI507234,3,8
PI507235,3,8
PI507236,3,8
PI507242,3,8
PI507243,3,8
PI507246,3,8
PI507247,3,8
PI507249,3,8
PI507250,1,8
PI507251,3,8
PI507252,3,8
PI507254,3,8
PI507256,3,8
PI507257,3,8
PI507258,3,8
PI507259,1,8
PI507260,3,8
PI507261,3,8
PI507262,3,8
PI507263,3,8
PI507264,3,8
PI507266,3,8
PI507269,3,8
PI507270,3,8
PI507275,3,8
PI507276,1,8
PI507278,3,8
PI507283,1,8
PI507284,3,8
PI507287,3,8
PI507288,3,8
PI507290,3,8
PI507292,3,8
PI507298,3,8
PI507299,3,8
PI507300,3,8
PI507301,1,8
PI507302,3,8
PI507304,3,8
PI507305,3,8
PI507306,3,8
PI507307,3,8
PI507308,3,8
PI507310,3,8
PI507314,3,8
PI507321,3,8
PI507322,3,8
PI507324,3,8
PI507326,3,8
PI507327,3,8
PI507329,1,8
PI507330,3,8
PI507331,3,8
PI507333,3,8
PI507335,3,8
PI507336,1,8
PI507337,3,8
PI507338,3,8
PI507340,1,8
PI507342,2,8
PI507343,3,8
PI507345,1,8
PI507346,3,8
PI507356,3,8
PI507357,3,8
PI507358,3,8
PI507359,3,8
PI507360,3,8
PI507361,3,8
PI507371,1,8
PI507372,3,8
PI507374,3,8
PI507375,3,8
PI507376,3,8
PI507377,3,8
PI507378,3,8
PI507380,3,8
PI507381,3,8
PI507388,3,8
PI507389,3,8
PI507391,3,8
PI507393,3,8
PI507394,3,8
PI507397,3,8
PI507399,1,8
PI507401,3,8
PI507402,3,8
PI507403,3,8
PI507409,3,8
PI507410,3,8
PI507414,3,8
PI507416,3,8
PI507417,3,8
PI507420,3,8
PI507421,3,8
PI507422,3,8
PI507423,3,8
PI507426,3,8
PI507427,3,8
PI507428,3,8
PI507433,3,8
PI507437,3,8
PI507438,3,8
PI507444,2,8
PI507450,3,8
PI507451,3,8
PI507452,3,8
PI507453,3,8
PI507454,3,8
PI507457,3,8
PI507459,3,8
PI507462,3,8
PI507463,3,8
PI507469,3,8
PI507470,1,8
PI507474,3,8
PI507475,3,8
PI507476,3,8
PI507477,3,8
PI507478,1,8
PI507479,1,8
PI507482,3,8
PI507484,3,8
PI507485,3,8
PI507486,3,8
PI507488,3,8
PI507489,3,8
PI507490,3,8
PI507495,3,8
PI507496,3,8
PI507497,3,8
PI507498,3,8
PI507499,3,8
PI507503,1,8
PI507504,1,8
PI507505,1,8
PI507506,1,8
PI507507,3,8
PI507508,3,8
PI507510,3,8
PI507511,1,8
PI507512,1,8
PI507514,3,8
PI507518,3,8
PI507532,3,8
PI507533,3,8
PI507534,3,8
PI507536,3,8
PI507537,3,8
PI507538,1,8
PI507539,3,8
PI507542,3,8
PI507545,3,8
PI507546,1,8
PI507549,3,8
PI507550,3,8
PI507551,3,8
PI507556,3,8
PI507557,3,8
PI507558,1,8
PI507559,1,8
PI507560,3,8
PI507561,3,8
PI507562,3,8
PI507566,3,8
PI507568,2,8
PI507572,3,8
PI507574,3,8
PI507575,3,8
PI507576,3,8
PI507577,3,8
PI507578,3,8
PI507579,3,8
PI507690,1,8
PI508266,1,8
PI508267,1,8
PI508268,1,8
PI508294,2,8
PI508295,2,8
PI508297,1,8
PI508298,2,8
PI509076,1,8
PI509077,2,8
PI509078,1,8
PI509080,1,8
PI509081,1,8
PI509082,2,8
PI509084,1,8
PI509086,2,8
PI509090,2,8
PI509091A,3,9
PI509091B,3,9
PI509092,1,8
PI509093,2,8
PI509094,1,8
PI509095,1,8
PI509096,2,8
PI509097,3,8
PI509098,2,8
PI509099,2,8
PI509100,1,8
PI509101,2,8
PI509102,2,8
PI509103,1,8
PI509104,2,8
PI509106,1,8
PI509108,2,8
PI509109,1,8
PI509113,3,8
PI515960,1,8
PI518284,2,8
PI518285,3,8
PI518286,2,8
PI518288,1,8
PI518295,1,8
PI518296,1,8
PI518297,3,8
PI518665,1,8
PI518721,2,8
PI518722,2,8
PI518723,1,8
PI518726,2,8
PI518727,1,8
PI518728,1,8
PI518729,1,8
PI518756,1,8
PI518772,2,8
PI518825,2,8
PI518833,2,8
PI522236,1,8
PI527704,1,8
PI531068,1,8
PI533602,1,8
PI533604,1,8
PI533605,1,8
PI536637,1,8
PI548402S,5,9
PI548422S,5,9
PI548436,3,8
PI548437,2,8
PI548438,5,8
PI548439,5,8
PI548440,4,8
PI548441,5,8
PI548442,3,8
PI548443,2,8
PI548444,4,8
PI548445,1,8
PI548446,5,8
PI548447,3,8
PI548448,5,8
PI548449,5,8
PI548450,5,8
PI548451,3,8
PI548452,4,8
PI548453,4,8
PI548454,5,8
PI548455,5,8
PI548456,5,8
PI548457,5,8
PI548458,5,8
PI548459,3,8
PI548460,5,8
PI548461,4,8
PI548462,3,8
PI548463,4,8
PI548464,4,8
PI548465,2,8
PI548466,5,8
PI548467,3,8
PI548468,4,8
PI548469,5,8
PI548470,3,8
PI548471,4,8
PI548472,5,8
PI548473,5,8
PI548474,3,8
PI548475,5,8
PI548476,4,8
PI548477,3,8
PI548478,3,8
PI548479,3,8
PI548480,5,8
PI548481,4,8
PI548482,5,8
PI548483,5,8
PI548484,5,8
PI548485,5,8
PI548486,5,8
PI548487,4,8
PI548488,5,8
PI548489,4,8
PI548490,4,8
PI548491,5,8
PI548492,5,8
PI548493,4,8
PI548494,5,8
PI548495,3,8
PI548496,5,8
PI548497,4,8
PI548653,3,8
PI548654,1,8
PI548655,1,8
PI548656,1,8
PI548657,5,8
PI548658,1,8
PI548659,1,8
PI548660,1,8
PI548661,1,8
PI548662,1,8
PI548663,1,8
PI548664,1,8
PI548665,1,8
PI548666,1,8
