acid,CHLOROSIS,
FC003609,2.7,8
FC021340,2,8
FC030233,3,8
FC030683,3.5,8
FC030684,3,8
FC030685,3,8
FC030687,3,8
FC030689,3,8
FC030691,1.5,8
FC030692,2,8
FC030694,3,8
FC031122,2,8
FC032033,3.5,8
FC032141,2,8
PI036653,2.5,8
PI054809,4.5,8
PI054834,3,8
PI054853,2.5,8
PI054854,2,8
PI054855,4.5,8
PI054857,3,8
PI054865,3.5,8
PI063271,1.5,8
PI068554,2.5,8
PI068572,2.7,8
PI068576,3.5,8
PI068586,4,8
PI068610,4,8
PI068722,2,8
PI068746,3.3,8
PI068770,3.5,8
PI069507,4.7,8
PI069533,4.3,8
PI070016,3,8
PI070017,2,8
PI070027,4.5,8
PI070087,2,8
PI070241,3,8
PI070485,2.5,8
PI070520,3.5,8
PI071161,2,8
PI078242,3,8
PI078243,3,8
PI079610,3,8
PI079617,2.5,8
PI079648,2,8
PI079694,2.5,8
PI079699,2,8
PI079727,3,8
PI079739,2.5,8
PI081033,1.5,8
PI081040,2,8
PI081765,2,8
PI081772,1,8
PI081775,4,8
PI082183,4,8
PI084668,3.7,8
PI084674,3,8
PI084686,3.5,8
PI084810,1.5,8
PI084964,2.5,8
PI086021,0.7,8
PI086133,3,8
PI086410,2.5,8
PI086411,2.5,8
PI086416,2,8
PI086737,3.5,8
PI087531,2,8
PI088288,4.5,8
PI088295,3.5,8
PI088443,3,8
PI088484,2,8
PI088497,3,8
PI088797,3,8
PI088804,2.5,8
PI089001,2.5,8
PI089055,3,8
PI089057,2.5,8
PI089058,3.7,8
PI089060,3.5,8
PI090567,4,8
PI091110,2.5,8
PI091123,3.5,8
PI091733,2.7,8
PI092468,3.5,8
PI092469,3.5,8
PI092470,3.7,8
PI092565,3,8
PI092649,4.5,8
PI092706,1.5,8
PI096152,2,8
PI096193,3.7,8
PI131531,0.7,8
PI132201,2.5,8
PI132203,1.5,8
PI132204,3.5,8
PI132205,3.5,8
PI132206,2.7,8
PI132207,2,8
PI132214,1.5,8
PI132215,3,8
PI132217,1.5,8
PI142491,4,8
PI151249,3,8
PI152361,1.5,8
PI152573,2.5,8
PI153203,5,8
PI153208,4,8
PI153209,3,8
PI153210,5,8
PI153211,1,8
PI153212,1.5,8
PI153213,2,8
PI153214,1.5,8
PI153215,4,8
PI153216,1.5,8
PI153217,1,8
PI153218,2,8
PI153219,2,8
PI153221,4.5,8
PI153222,3.5,8
PI153223,1.5,8
PI153225,1.5,8
PI153227,2.3,8
PI153229,3.7,8
PI153230,2,8
PI153233,3,8
PI153234,3.5,8
PI153235,1,8
PI153236,3,8
PI153237,2.5,8
PI153238,4,8
PI153239,1.5,8
PI153240,3,8
PI153241,2.5,8
PI153242,1.5,8
PI153244,3,8
PI153245,3.5,8
PI153246,1.5,8
PI153247,2.5,8
PI153249,2,8
PI153250,0.7,8
PI153251,3,8
PI153252,3,8
PI153253,3,8
PI153255,3.5,8
PI153259,2,8
PI153261,2,8
PI153262,2.5,8
PI153263,3.3,8
PI153265,2.5,8
PI153266,3.5,8
PI153267,2.5,8
PI153270,1.5,8
PI153271,3,8
PI153272,2,8
PI153273,2,8
PI153274,1.5,8
PI153275,1,8
PI153276,3.5,8
PI153277,2,8
PI153278,2.5,8
PI153279,2,8
PI153281,2,8
PI153282,4.7,8
PI153283,2,8
PI153284,2,8
PI153285,5,8
PI153286,3,8
PI153287,3,8
PI153290,2.5,8
PI153291,3.3,8
PI153293,2.5,8
PI153294,2.5,8
PI153296,3,8
PI153297,2,8
PI153299,3,8
PI153300,1.5,8
PI153301,3,8
PI153302,2,8
PI153303,3,8
PI153304,2.5,8
PI153305,2.5,8
PI153306,2.5,8
PI153310,3.5,8
PI153311,4,8
PI153313,1,8
PI153314,1,8
PI153315,3,8
PI153316,1.5,8
PI153317,1.5,8
PI153318,3.5,8
PI153319,2,8
PI153320,3.5,8
PI154189,3.5,8
PI154190,1.5,8
PI154191,2,8
PI154192,2.5,8
PI154193,2,8
PI154194,3.5,8
PI154196,3.5,8
PI154197,3,8
PI154198,2.5,8
PI154199,2.5,8
PI154200,2.5,8
PI159764,2.5,8
PI161988,3,8
PI161989,3,8
PI171421,3,8
PI179822,3,8
PI180499,4,8
PI180501,4,8
PI180502,4,8
PI180507,3,8
PI180508,1,8
PI180509,1,8
PI180516,1.5,8
PI180517,1.5,8
PI180519,2.5,8
PI180521,2.5,8
PI180524,3,8
PI180525,2.5,8
PI180529,3.5,8
PI180530,3,8
PI180532,3,8
PI181531,2.5,8
PI181532,1,8
PI181536,2.5,8
PI181538,0.7,8
PI181570,2,8
PI181571,3,8
PI184042,2.5,8
PI184043,3.5,8
PI184044,2.7,8
PI184045,3,8
PI184046,3.5,8
PI184047,2.5,8
PI189857,3,8
PI189859,3,8
PI189860,3,8
PI189861,2.5,8
PI189862,3,8
PI189863,2.5,8
PI189864,2.5,8
PI189866,2.5,8
PI189867,2,8
PI189868,3,8
PI189869,3,8
PI189870,2.5,8
PI189871,2,8
PI189872,3,8
PI189873,3,8
PI189874,2,8
PI189875,4,8
PI189876,3.5,8
PI189877,4,8
PI189878,3.5,8
PI189879,4,8
PI189880,3,8
PI189881,2,8
PI189882,3,8
PI189883,3.5,8
PI189885,3.5,8
PI189886,4,8
PI189888,4,8
PI189890,3.5,8
PI189892,2.5,8
PI189893,3,8
PI189894,3,8
PI189896,4,8
PI189897,3.5,8
PI189898,2.5,8
PI189899,2,8
PI189900,3,8
PI189901,2,8
PI189903,2.5,8
PI189904,1,8
PI189906,1.5,8
PI189907,2.3,8
PI189911,2,8
PI189913,2,8
PI189915,3,8
PI189916,2,8
PI189917,3.5,8
PI189918,2,8
PI189919,1.7,8
PI189921,2.5,8
PI189922,4.5,8
PI189923,2.5,8
PI189924,2.5,8
PI189925,2,8
PI189932,3,8
PI189936,2,8
PI189937,2,8
PI189938,1,8
PI189939,2.5,8
PI189940,3.5,8
PI189941,3,8
PI189944,2,8
PI189945,2.7,8
PI189946,2.5,8
PI189947,4,8
PI189950,1.5,8
PI189951,1.5,8
PI189952,4,8
PI189955,1,8
PI189956,3,8
PI189960,2,8
PI189961,1.5,8
PI189962,1.5,8
PI189963,3,8
PI189964,1,8
PI189965,2,8
PI189966,1.5,8
PI189967,3,8
PI189968,3,8
PI194624,1.5,8
PI194625,1.5,8
PI194626,1.5,8
PI194627,3,8
PI194630,1.5,8
PI194631,1,8
PI194632,2.5,8
PI194633,1.5,8
PI194634,2,8
PI194635,2,8
PI194636,2,8
PI194638,2,8
PI194639,2,8
PI194640,2.5,8
PI194641,3,8
PI194643,1,8
PI194644,3,8
PI194645,2,8
PI194646,3,8
PI194647,2.5,8
PI194648,2.5,8
PI194653,3,8
PI194654,2.5,8
PI194655,2,8
PI194656,1.5,8
PI196159,3.5,8
PI196160,0.7,8
PI196325,2.5,8
PI196485,2,8
PI196486,1,8
PI196491,2,8
PI196501,1,8
PI196502,1.5,8
PI196504,1,8
PI196525,1,8
PI196526,1.5,8
PI196527,2.5,8
PI196528,1.5,8
PI196529,2.5,8
PI196530,2,8
PI198067,1.5,8
PI200508,3,8
PI200593,3.5,8
PI200594,1,8
PI200595,3,8
PI204652,2,8
PI204653,2.5,8
PI205085,3,8
PI205090,3,8
PI227322,2,8
PI227323,2,8
PI227325,2.7,8
PI227326,2,8
PI227327,3.5,8
PI227329,2.7,8
PI227330,1,8
PI227331,2.5,8
PI227565,1.5,8
PI229328,2.7,8
PI229330,1.5,8
PI229354,1.3,8
PI231172,2,8
PI232899,2,8
PI232900,1,8
PI232901,2.5,8
PI232902,2.5,8
PI232994,3,8
PI232995,3,8
PI232996,3,8
PI232997,3.5,8
PI232998,4,8
PI232999,3.5,8
PI238920,2.5,8
PI238921,3,8
PI238923,2,8
PI238924,2.5,8
PI238925,3,8
PI240079,2,8
PI243547,1.5,8
PI243550,2,8
PI248395,1.5,8
PI248397,3,8
PI248399,2.5,8
PI248400,2,8
PI248401,3,8
PI248403,2,8
PI248404,3.5,8
PI248405,1,8
PI248406,3.5,8
PI248407,2.5,8
PI248408,1.5,8
PI248409,2.5,8
PI248410,3.7,8
PI248512,1.5,8
PI250002,2,8
PI250844,2.5,8
PI251585,4.7,8
PI251586,3.5,8
PI257428,2,8
PI257429,3,8
PI257430,4,8
PI257431,2.5,8
PI257432,3,8
PI257433,3,8
PI257434,3,8
PI257435,2.5,8
PI257436,3,8
PI257437,2.5,8
PI257438,2.5,8
PI257439,2.5,8
PI258383,1.5,8
PI258384,3,8
PI258385,2.5,8
PI258386,3,8
PI258387,3,8
PI261469,2.5,8
PI261475,1.5,8
PI290124,2.5,8
PI290128,3,8
PI290134,2.7,8
PI290149,4,8
PI291272,1.5,8
PI291273,2.5,8
PI291275,3.5,8
PI291276,2,8
PI291277,3,8
PI291278,2,8
PI291279,3.7,8
PI291281,1.5,8
PI291282,2,8
PI291283,1.7,8
PI291284,2,8
PI291290,3,8
PI291291,3,8
PI291294,3.5,8
PI291300,3,8
PI291304,1.5,8
PI291305,3.5,8
PI291322,2.5,8
PI291323,2.5,8
PI291324,3.5,8
PI291328,2.5,8
PI297500,3.3,8
PI297502,2,8
PI297505,3.5,8
PI297511,4,8
PI297514,4,8
PI297538,3,8
PI297541,3.5,8
PI297548,2.5,8
PI297551,3.5,8
PI317332,2.5,8
PI317335,4,8
PI326579,3,8
PI326580,4,8
PI342437,2.5,8
PI347541,3.5,8
PI347542,3,8
PI347543,3,8
PI347560,3,8
PI358314,2.5,8
PI358319,3,8
PI361057,3,8
PI361075,3.5,8
PI361081,3,8
PI361087,3,8
PI361089,3,8
PI361090,2.5,8
PI361092,4,8
PI361093,2.7,8
PI361095,3,8
PI361096,3.5,8
PI361098,4.5,8
PI361099,3,8
PI361104,3,8
PI361113,3,8
PI361115,1,8
PI361117,2,8
PI372418,3,8
PI378655,3,8
PI378663,1.3,8
PI378671,3.7,8
PI378679,1,8
PI383276,1.5,8
PI384470,2,8
PI391584,3,8
PI401418,4,8
PI404156,4.5,8
PI404157,3.7,8
PI404158,4.5,8
PI407654,4,8
PI407701,4,8
PI407704,2.5,8
PI407705,2,8
PI407710,2.5,8
PI407712,2,8
PI407715,4.5,8
PI407716,3.5,8
PI407718,4,8
PI407723,2,8
PI407726,4.5,8
PI415072,2.5,8
PI416747,2.7,8
PI416751,1.3,8
PI416757,3.5,8
PI416776,1.5,8
PI416782,1,8
PI416878,3,8
PI416887,1.5,8
PI416906,2.5,8
PI416910,3,8
PI416911,3.5,8
PI416915,3.5,8
PI416921,2.5,8
PI416923,3.5,8
PI416940,2,8
PI416946,2,8
PI416963,2.5,8
PI416974,2.5,8
PI416978,3.7,8
PI416985,1.5,8
PI417012,2.5,8
PI417024,1.5,8
PI417043,4,8
PI417059,3.5,8
PI417076,3,8
PI417139,2,8
PI417143,1.5,8
PI417144,3.5,8
PI417210,3.3,8
PI417226,3,8
PI417227,3,8
PI417228,2,8
PI417294,4,8
PI417295,3.5,8
PI417296,3.7,8
PI417299,4.5,8
PI417300,2,8
PI417326,3,8
PI417327,3.5,8
PI417451,2.7,8
PI417453,2.5,8
PI417509,3,8
PI417510,3.5,8
PI417515,1.5,8
PI417516,3,8
PI417517,2,8
PI417521,4.5,8
PI417525,3.5,8
PI417527,3,8
PI417528,3,8
PI417549,3,8
PI423706,2.5,8
PI423868,3.7,8
PI423872,3.7,8
PI423880,3,8
PI423891,2,8
PI423937,3,8
PI423942,3.5,8
PI423943,3.3,8
PI423944,2.5,8
PI423947,2,8
PI423949,4.5,8
PI423955,4,8
PI424199,3,8
PI424202,1.5,8
PI424204,2.7,8
PI424206,3,8
PI424209,3.3,8
PI424210,2.5,8
PI427099,2,8
PI427141,2.5,8
PI427143,3.7,8
PI436611,1.3,8
PI436617,3,8
PI436681,2,8
PI436682,2.5,8
PI436683,3,8
PI437071,3,8
PI437074,3,8
PI437075,2.5,8
PI437077,2.5,8
PI437083,4,8
PI437086,3,8
PI437091,3.7,8
PI437092,2.5,8
PI437094,3.3,8
PI437095,3.5,8
PI437097,3,8
PI437098,3,8
PI437101,0.7,8
PI437102,2.5,8
PI437116,3.5,8
PI437117,4,8
PI437119,2,8
PI437133,2,8
PI437142,3,8
PI437144,3,8
PI437150,2.5,8
PI437152,2.5,8
PI437159,2.5,8
PI437160,4,8
PI437161,2.5,8
PI437162,2,8
PI437163,1.5,8
PI437170,3,8
PI437171,1.5,8
PI437187,2,8
PI437190,2,8
PI437195,4,8
PI437197,2.5,8
PI437213,2.5,8
PI437236,3.5,8
PI437277,3.5,8
PI437278,2.7,8
PI437282,2.5,8
PI437290,2.5,8
PI437307,2.5,8
PI437312,3.7,8
PI437314,2.5,8
PI437318,2.5,8
PI437319,2.7,8
PI437327,3.7,8
PI437329,1.7,8
PI437332,2,8
PI437333,3.5,8
PI437334,3.5,8
PI437342,3,8
PI437343,4.5,8
PI437348,3.5,8
PI437350,2.7,8
PI437352,3,8
PI437353,2.5,8
PI437366,2.7,8
PI437368,4.5,8
PI437370,3,8
PI437372,4,8
PI437373,2,8
PI437379,4,8
PI437384,2,8
PI437394,3.7,8
PI437398,2,8
PI437405,3.5,8
PI437406,3.5,8
PI437411,4,8
PI437414,3.5,8
PI437418,2,8
PI437423,1.5,8
PI437425,2,8
PI437439,2.5,8
PI437442,2.5,8
PI437443,4,8
PI437445,2.5,8
PI437449,3,8
PI437468,3.7,8
PI437471,2,8
PI437473,2.3,8
PI437486,3.3,8
PI437491,2.5,8
PI437492,1.5,8
PI437496,2.5,8
PI437498,2.5,8
PI437499,1,8
PI437504,3.5,8
PI437509,3.7,8
PI437511,2,8
PI437516,2,8
PI437519,2.5,8
PI437524,3,8
PI437530,3,8
PI437531,3,8
PI437538,5,8
PI437540,1.5,8
PI437546,3.5,8
PI437547,1.5,8
PI437556,2.5,8
PI437558,1,8
PI437559,2.3,8
PI437567,2.5,8
PI437571,1.3,8
PI437577,3,8
PI437584,3.5,8
PI437595,0.7,8
PI437603,4,8
PI437607,2.5,8
PI437608,3,8
PI437612,5,8
PI437613,3.5,8
PI437616,2,8
PI437619,4.5,8
PI437623,3.5,8
PI437624,3,8
PI437625,2.5,8
PI437628,3,8
PI437629,0.7,8
PI437634,3,8
PI437637,3.5,8
PI437638,3,8
PI437642,1.5,8
PI437658,4.5,8
PI437666,2,8
PI437673,2.5,8
PI437675,3,8
PI437677,2.5,8
PI437687,2,8
PI437692,3.5,8
PI437693,4,8
PI437700,3.5,8
PI437704,2.5,8
PI437705,4,8
PI437706,2,8
PI437713,2.5,8
PI437714,2.5,8
PI437723,2.5,8
PI437729,3.5,8
PI437733,4,8
PI437737,2.5,8
PI437739,3,8
PI437741,0.7,8
PI437755,2.5,8
PI437757,2.7,8
PI437760,3,8
PI437762,2.5,8
PI437763,4,8
PI437771,3,8
PI437778,2,8
PI437779,2,8
PI437780,2.5,8
PI437781,3,8
PI437782,2.5,8
PI437783,1.3,8
PI437785,3.5,8
PI437786,3,8
PI437807,3,8
PI437808,2.7,8
PI437809,3,8
PI437815,4,8
PI437819,2.3,8
PI437821,2,8
PI437822,3.5,8
PI437823,2.5,8
PI437824,3,8
PI437829,2.7,8
PI437833,2,8
PI437835,4,8
PI437846,1.5,8
PI437849,2.5,8
PI437854,4,8
PI437855,3,8
PI437858,2,8
PI437859,3.3,8
PI437861,2.5,8
PI437862,3.5,8
PI437866,2.5,8
PI437868,3,8
PI437869,1.5,8
PI437892,3.5,8
PI437901,4,8
PI437905,3.5,8
PI437907,4,8
PI437911,3.5,8
PI437912,2,8
PI437914,3,8
PI437918,3,8
PI437922,1.5,8
PI437928,1.5,8
PI437929,1,8
PI437930,4,8
PI437937,1.5,8
PI437938,3.5,8
PI437942,2,8
PI437948,2.7,8
PI437949,3,8
PI437951,3.5,8
PI437952,3,8
PI437958,2,8
PI437959,4,8
PI437960,3.5,8
PI437962,3,8
PI437963,0.7,8
PI437965,3.5,8
PI437966,3.3,8
PI437967,3,8
PI437968,3,8
PI437969,3,8
PI437971,3,8
PI437972,3,8
PI437976,1,8
PI437978,2.5,8
PI437979,4.5,8
PI437980,1,8
PI437981,3.5,8
PI437983,2,8
PI437984,2.5,8
PI437986,3.5,8
PI437987,2,8
PI437988,4,8
PI437990,5,8
PI437992,4.5,8
PI437993,3,8
PI437994,3,8
PI437997,1,8
PI438000,1.5,8
PI438002,3.5,8
PI438005,4,8
PI438006,2.3,8
PI438007,2.5,8
PI438008,2.5,8
PI438009,3,8
PI438010,2.5,8
PI438012,3,8
PI438017,1.3,8
PI438018,2,8
PI438023,1.5,8
PI438024,1.5,8
PI438026,3.5,8
PI438028,3,8
PI438030,3,8
PI438031,2,8
PI438032,3,8
PI438033,2,8
PI438034,3.7,8
PI438036,2,8
PI438038,3,8
PI438042,3.5,8
PI438043,2.7,8
PI438044,2.5,8
PI438045,3,8
PI438049,3,8
PI438052,3.5,8
PI438053,3.7,8
PI438054,3,8
PI438056,2,8
PI438058,3,8
PI438059,1.7,8
PI438060,2,8
PI438062,3,8
PI438063,3,8
PI438064,3.5,8
PI438065,4,8
PI438067,2,8
PI438071,3,8
PI438072,2.5,8
PI438074,2,8
PI438077,3,8
PI438078,1.5,8
PI438081,2,8
PI438082,2.5,8
PI438087,3,8
PI438088,2.3,8
PI438089,3.7,8
PI438090,3,8
PI438091,2.5,8
PI438092,3,8
PI438093,3,8
PI438095,3.5,8
PI438097,3.5,8
PI438099,2.7,8
PI438100,2.5,8
PI438106,3.5,8
PI438107,3.5,8
PI438108,3,8
PI438110,3.5,8
PI438113,1.3,8
PI438115,4,8
PI438116,2,8
PI438118,3,8
PI438119,2.5,8
PI438120,3,8
PI438121,3,8
PI438122,2,8
PI438125,3,8
PI438126,3,8
PI438127,2,8
PI438134,2.5,8
PI438135,3,8
PI438136,3,8
PI438140,2.5,8
PI438142,4,8
PI438143,3,8
PI438145,3,8
PI438146,4.7,8
PI438147,3.7,8
PI438149,3,8
PI438150,3,8
PI438151,2,8
PI438161,2.5,8
PI438163,3.5,8
PI438165,2.5,8
PI438169,3,8
PI438170,3.7,8
PI438171,1.5,8
PI438172,1.3,8
PI438174,3.5,8
PI438179,5,8
PI438180,2.5,8
PI438182,2.5,8
PI438184,4,8
PI438187,3.5,8
PI438188,2.5,8
PI438189,0.7,8
PI438190,2,8
PI438191,4.5,8
PI438193,1.5,8
PI438195,4,8
PI438196,4,8
PI438201,4.3,8
PI438202,1.5,8
PI438203,3.5,8
PI438205,1.5,8
PI438206,3.5,8
PI438209,2.5,8
PI438210,2.5,8
PI438213,2.5,8
PI438215,2.3,8
PI438218,2,8
PI438220,1.5,8
PI438221,2.5,8
PI438224,3,8
PI438225,3.5,8
PI438231,2.7,8
PI438232,3.5,8
PI438240,3,8
PI438241,2.7,8
PI438243,3.3,8
PI438245,4,8
PI438246,3.5,8
PI438247,3,8
PI438253,3,8
PI438255,2.5,8
PI438260,3.5,8
PI438268,3,8
PI438269,2.5,8
PI438272,2.5,8
PI438276,3.5,8
PI438289,3,8
PI438291,2.5,8
PI438292,2,8
PI438305,3,8
PI438309,3.5,8
PI438316,2.5,8
PI438317,2.7,8
PI438323,3,8
PI438324,3.5,8
PI438361,2.5,8
PI438363,2.5,8
PI438366,2,8
PI438372,2.5,8
PI438376,3,8
PI438381,4,8
PI438398,2.5,8
PI438401,3.5,8
PI438407,3,8
PI438410,1.5,8
PI438413,2,8
PI438418,3,8
PI438423,2,8
PI438443,3.5,8
PI438458,3,8
PI438465,3.7,8
PI438467,3,8
PI438492,2.5,8
PI438493,4.5,8
PI438494,2,8
PI438502,1.5,8
PI438511,4,8
PI442004,2.5,8
PI445802,3.7,8
PI445819,1.5,8
PI445828,3.5,8
PI445830,4.5,8
PI445834,1.3,8
PI445837,2,8
PI452433,4,8
PI458525,3,8
PI458529,3,8
PI458541,1.5,8
PI461509,3,8
PI464865,2.5,8
PI464882,2,8
PI464883,1.3,8
PI464895,4.5,8
PI464896,3,8
PI464897,2,8
PI464898,3.7,8
PI464902,3,8
PI464910,3,8
PI464923,3.5,8
PI467307,2.5,8
PI467314,2.5,8
PI467315,3.5,8
PI467317,3,8
PI467320,3,8
PI467321,3,8
PI467324,3,8
PI467328,2.5,8
PI467333,4.5,8
PI467336,4,8
PI467339,2.5,8
PI467342,3.5,8
PI467343,4,8
PI467346,4,8
PI468378,2.5,8
PI468383,2,8
PI468907,4.5,8
PI473573,5,8
PI475817,3.5,8
PI475830,3,8
PI475831,2,8
PI476345,3,8
PI476348,2,8
PI479709,2,8
PI479710,3.7,8
PI479712,2.5,8
PI479714,2.5,8
PI479719,3.5,8
PI479726,2,8
PI479731,2,8
PI479734,2,8
PI479736,2.7,8
PI479758,3.5,8
PI479759,3,8
PI479762,4,8
PI483459,3,8
PI491579,4,8
PI495831,2.5,8
PI495832,3,8
PI503337,3,8
PI504484,3,8
PI504485,3.5,8
PI504494,2.5,8
PI504502,2,8
PI506609,3,8
PI506678,3,8
PI506700,2.7,8
PI506760,3.5,8
PI506895,3.7,8
PI507229,4.5,8
PI507319,1.5,8
PI507354,3,8
PI507355,2,8
PI507373,4,8
PI507521,5.3,8
PI507524,2.7,8
PI507678,3,8
PI507683,2.5,8
PI507693,2,8
PI507695,3.5,8
PI507697,3,8
PI507701,2.5,8
PI507709,3.5,8
PI507712,2.5,8
PI507717,2.5,8
PI508084,4,8
PI518703,1.5,8
PI518707,3,8
PI518709,2.5,8
PI518710,3,8
PI518750,4,8
PI518752,2.7,8
PI518753,3,8
PI518754,2.7,8
PI518758,2.5,8
PI522189,3.5,8
PI522190,4,8
PI532439,3,8
PI532447,3,8
PI532468,2,8
PI532469,2.5,8
PI532471,2,8
PI533657,2.5,8
PI538388,3,8
PI539862,4,8
PI539863,3,8
PI539864,3.5,8
PI539865,3,8
PI540554,2.3,8
PI540739,1.5,8
PI542042,3,8
PI542768,3,8
PI546038,2.5,8
PI546487,2.5,8
PI547795,3,8
PI547796,1.5,8
PI547797,1.3,8
PI547803,4.5,8
PI547805,2.5,8
PI547806,4,8
PI547807,3,8
PI547808,3.5,8
PI547817,3,8
PI548164,2.7,8
PI548185,3.5,8
PI548238,4,8
PI548240,2,8
PI548241,2.5,8
PI548249,0.7,8
PI548251,2,8
PI548258,5,8
PI548280,2,8
PI548285,2.5,8
PI548291,2,8
PI548292,2.5,8
PI548307,4,8
PI548310,3,8
PI548312,4,8
PI548319,2,8
PI548322,4,8
PI548329,2,8
PI548336,2.5,8
PI548345,2.5,8
PI548355,2,8
PI548370,2,8
PI548375,2.5,8
PI548378,3,8
PI548380,2.5,8
PI548384,3,8
PI548385,3.5,8
PI548393,1,8
PI548394,3,8
PI548396,3.5,8
PI548405,1,8
PI548407,2.7,8
PI548417,3.5,8
PI548420,3.5,8
PI548433,1.5,8
PI548508,2,8
PI548509,2,8
PI548516,4,8
PI548519,2.5,8
PI548524,2.5,8
PI548526,4,8
PI548530,3,8
PI548531,2.5,8
PI548536,2.5,8
PI548550,2.7,8
PI548551,3.7,8
PI548561,3,8
PI548571,3,8
PI548572,3.3,8
PI548581,2,8
PI548588,3,8
PI548599,3.5,8
PI548610,2,8
PI548611,2,8
PI548618,3,8
PI548620,4.3,8
PI548625,2,8
PI548629,3.5,8
PI548641,3.5,8
PI548647,2.5,8
PI548680,2.5,8
PI549055,3.5,8
PI549066,3.5,8
PI549067,4.5,8
PI549072,2.5,8
PI557010,4.3,8
PI557011,3,8
PI561227,2.5,8
PI561228,4,8
PI561229,2.5,8
PI561231,1.5,8
PI561232,2,8
PI561234,1.5,8
PI561235,2.7,8
PI561236,3.7,8
PI561238,3,8
PI561241,2.5,8
PI561284,2.7,8
PI561295,2.5,8
PI561301,2.5,8
PI561307,2.5,8
PI561308,1.5,8
PI561315,2.5,8
PI561317,3,8
PI561331,0.7,8
PI561333,1.5,8
PI561337,3.5,8
PI561345,2.5,8
PI561346,4.7,8
PI561348,2,8
PI561353,3.5,8
PI561354,2.7,8
PI561367,3.7,8
PI561374,2.5,8
PI561377,3,8
PI562374,2,8
PI562387,3.7,8
PI564276,3.7,8
PI567151,3.7,8
PI567162,3.5,8
PI567169,3,8
PI567193,3.3,8
PI567222,4,8
PI567223,2.7,8
PI567276,4.7,8
PI567278,3.5,8
PI567782,0.7,8
PI567785,3.7,8
PI599299,4,8
PI161431A,1.5,9
PI161431B,3,9
PI248509A,1.3,9
PI253652C,3,9
PI253652D,2.5,9
PI253653C,0.7,9
PI253653D,3.3,9
PI253658A,4,9
PI253658B,3.5,9
PI253658C,3.7,9
PI266807C,4,9
PI290126A,1.7,9
PI291274A,2.5,9
PI291274B,2.5,9
PI291303A,3,9
PI291303B,1.7,9
PI291309C,2.7,9
PI291310A,3.5,9
PI291311B,2,9
PI291320A,2,9
PI317334A,2.5,9
PI319535A,4,9
PI319535B,2,9
PI342435A,1,9
PI342435B,2,9
PI347546A,1.5,9
PI347546B,4.3,9
PI347550A,4,9
PI347552A,0.7,9
PI347552B,3.5,9
PI347552C,1.5,9
PI347565A,3,9
PI358315A,3.5,9
PI358315C,2.7,9
PI358316A,3,9
PI358316B,3.5,9
PI358318B,2.5,9
PI361062A,4,9
PI361065A,2.5,9
PI361066A,2.5,9
PI361066B,1.3,9
PI361071B,2,9
PI361071C,3,9
PI361088A,3,9
PI361088B,3,9
PI361112A,2.5,9
PI372404A,3.3,9
PI372404C,2,9
PI372416A,4,9
PI378664A,2.5,9
PI378664B,2,9
PI378664C,4,9
PI378669C,3.5,9
PI378669D,2.5,9
PI378670A,3.5,9
PI378676A,4,9
PI378676B,3.5,9
PI378677B,2.5,9
PI378677C,3,9
PI378680D,1.5,9
PI378680E,2.5,9
PI379559B,2,9
PI384469A,2,9
PI384469B,3,9
PI384469C,3.5,9
PI391581B,2.5,9
PI391589A,3.5,9
PI391589B,2.7,9
PI404155B,3,9
PI404169A,3.3,9
PI404192A,3.5,9
PI404192B,3.3,9
PI407386D,3.5,9
PI407655A,3,9
PI407706A,2,9
PI415073A,2.5,9
PI416904C,3,9
PI417196A,2.5,9
PI417196B,3.7,9
PI417513B,4,9
PI417513C,4.5,9
PI417519B,2.5,9
PI417537B,3,9
PI417572A,2.5,9
PI417572B,3.5,9
PI423987A,3.5,9
PI424195B,4,9
PI427088A,4,9
PI427088B,4,9
PI430460A,2.7,9
PI430460B,4,9
PI437081A,2.5,9
PI437081B,3.5,9
PI437088A,2.5,9
PI437088B,3.5,9
PI437105A,4.5,9
PI437105B,2.5,9
PI437105C,3.5,9
PI437118A,3,9
PI437121A,3,9
PI437132A,4,9
PI437132B,1.3,9
PI437145A,2.5,9
PI437156A,3,9
PI437156B,3.5,9
PI437156C,0.7,9
PI437165A,4.5,9
PI437166B,3.5,9
PI437167A,3,9
PI437167B,4.3,9
PI437167C,2.5,9
PI437168A,4.5,9
PI437168B,3.5,9
PI437168C,3,9
PI437174B,2.5,9
PI437189B,2.7,9
PI437200A,2.5,9
PI437200B,2,9
PI437223B,4,9
PI437294B,3.5,9
PI437330A,2,9
PI437330B,3.3,9
PI437336A,4.5,9
PI437336B,2.5,9
PI437339B,3,9
PI437339C,3,9
PI437340A,1.3,9
PI437344B,2,9
PI437344C,3.5,9
PI437363B,3,9
PI437376A,4,9
PI437376B,2.5,9
PI437378A,1.5,9
PI437381A,2.5,9
PI437381B,4.5,9
PI437381C,2.5,9
PI437385A,4,9
PI437385B,3.3,9
PI437389B,3.5,9
PI437395A,1,9
PI437395B,2,9
PI437408A,3,9
PI437408B,3,9
PI437408C,3,9
PI437428A,2,9
PI437429A,2,9
PI437429B,2.5,9
PI437432A,2.5,9
PI437436A,3,9
PI437436B,1.3,9
PI437452A,2.5,9
PI437469A,2.5,9
PI437469B,2,9
PI437477A,4.5,9
PI437500A,1,9
PI437508B,4,9
PI437514A,4.5,9
PI437514B,3.7,9
PI437526B,3,9
PI437533A,2,9
PI437533B,2.5,9
PI437573A,2.5,9
PI437594A,2.5,9
PI437598B,2.7,9
PI437609A,3,9
PI437610A,2,9
PI437614A,3,9
PI437615C,4,9
PI437621A,2.5,9
PI437621B,2,9
PI437622A,2.5,9
PI437630B,3,9
PI437630C,3,9
PI437632A,3.7,9
PI437632B,4,9
PI437633C,0.7,9
PI437633D,3,9
PI437635A,2.5,9
PI437636A,1,9
PI437636B,3,9
PI437640A,4.5,9
PI437643A,4,9
PI437645A,2.5,9
PI437645B,3,9
PI437646B,2,9
PI437648A,4,9
PI437650B,3.5,9
PI437651A,2,9
PI437661A,2,9
PI437678A,2.5,9
PI437682A,2,9
PI437685A,2,9
PI437695A,3.5,9
PI437716A,3.5,9
PI437721B,4.5,9
PI437721C,4,9
PI437738A,4,9
PI437738B,4,9
PI437756B,3.5,9
PI437774B,2.7,9
PI437774C,1,9
PI437837A,2,9
PI437837B,2.7,9
PI437847A,3.5,9
PI437847B,4,9
PI437851A,5,9
PI437853A,3,9
PI437857B,3.5,9
PI437860A,3,9
PI437864A,3,9
PI437875A,1.5,9
PI437877A,2,9
PI437878A,4.5,9
PI437886A,5,9
PI437887A,2.7,9
PI437888A,3.5,9
PI437890A,3.5,9
PI437895A,3,9
PI437895B,3,9
PI437895C,3.5,9
PI437909A,2,9
PI437910C,2.5,9
PI437920C,1.5,9
PI437934A,3,9
PI437934B,3.5,9
PI437945A,4,9
PI437945B,3,9
PI437953A,3.7,9
PI437953B,3,9
PI437955B,3.5,9
PI437956A,3,9
PI437974A,3.5,9
PI437975A,3,9
PI437975B,3,9
PI437995B,2.5,9
PI437995C,3.5,9
PI437996C,3,9
PI438004A,1.5,9
PI438004B,1,9
PI438016C,2,9
PI438027B,2.5,9
PI438048A,4,9
PI438048B,4,9
PI438050B,3.7,9
PI438051A,4,9
PI438055A,3.5,9
PI438055B,4.5,9
PI438094B,1.5,9
PI438105A,2,9
PI438109B,3,9
PI438111B,4,9
PI438112A,1,9
PI438123A,2,9
PI438123B,3.5,9
PI438123C,1.3,9
PI438128A,5.3,9
PI438128B,3,9
PI438137A,4,9
PI438137B,3,9
PI438138B,2.7,9
PI438160C,3,9
PI438164A,3.5,9
PI438166A,3.5,9
PI438166B,3,9
PI438181A,2.5,9
PI438181B,2.7,9
PI438207A,1,9
PI438207B,4,9
PI438211A,2.5,9
PI438211B,2.5,9
PI438212A,3,9
PI438212B,2.5,9
PI438230A,2,9
PI438230B,2.5,9
PI438233C,3,9
PI438234A,4,9
PI438238A,2,9
PI438238B,2,9
PI438239B,3.5,9
PI438250A,2.5,9
PI438252A,3.5,9
PI438254A,4.5,9
PI438254B,3,9
PI438254C,3.5,9
PI438256A,3.5,9
PI438259A,3.5,9
PI438271A,3.5,9
PI438304A,3,9
PI438330A,3,9
PI438330B,3,9
PI438334A,3,9
PI438339A,1.5,9
PI438339B,2.3,9
PI438340A,2.5,9
PI438340B,2.5,9
PI438350A,3,9
PI438350B,3.5,9
PI438504A,1.5,9
PI438509A,5,9
PI458532B,3,9
PI458825B,3.7,9
PI458826B,3,9
PI467308A,2,9
PI467308B,3.5,9
PI467311A,3,9
PI467311B,3,9
PI467311C,2,9
PI467311D,2,9
PI467311E,4,9
PI467318A,3.3,9
PI467322A,4.7,9
PI467323B,3.7,9
PI467335A,4.5,9
PI475822A,1.5,9
PI475829B,4,9
PI479718A,3.5,9
PI479728A,3.3,9
PI479728B,2,9
PI507696B,3.7,9
PI507711A,0.7,9
PI507711B,2.5,9
PI507715B,3.7,9
PI512322B,3.5,9
PI518706C,2.5,9
PI532441A,3,9
PI532444A,2,9
PI549049A,3,9
PI549049B,2,9
PI549057A,4.7,9
PI549057B,0.7,9
PI561233A,3,9
PI561233B,4,9
PI561233C,2.3,9
PI561296C,3.5,9
PI561299B,3,9
PI561302C,3,9
PI561302D,5.3,9
PI561304A,3,9
PI561304B,2,9
PI561318A,3.5,9
PI561318B,1.7,9
PI561327A,5,9
PI561341A,2.5,9
PI561341B,2.7,9
PI567214A,1.5,9
PI567214B,1,9
PI567229A,3.7,9
PI567229B,2.7,9
PI567250A,5,9
PI567250B,2.5,9
PI567255A,3,9
PI567255B,2.7,9
PI567473A,1.5,9
PI567473B,4.5,9
PI567473C,3.3,9
PI567473D,3.5,9
PI567486A,3,9
PI567486B,2.5,9
PI068474-2,3,10
PI068551-3,5,10
PI068604-2,1.5,10
PI070242-4,4.5,10
PI070473-1,2.5,10
PI079870-1,2,10
PI081037-4,3,10
PI083945-3,3,10
PI088805-2,2.3,10
PI089056-3,2.5,10
PI089061-1,2,10
PI091110-1,3,10
PI091732-1,3.5,10
PI091732-2,2.7,10
