acid,Fe2
PI398697,1
PI417559,1
PI404165,1
PI417243,1
PI417345A,1
PI417015,1
PI417005,1
PI417071,1
PI304218,1
PI404163,1
PI398726,1
PI408026,1
PI408321,1
PI283330,1
PI323555,1
PI323556,1
PI398293,1
PI404153,1
PI424550,1
PI416988,1
PI423929,1
PI417135A,1
PI417361,1
PI417434,1
PI417457,1
PI417380,1
PI404185,1
PI417578,1
PI283332,1
PI404164,1
PI404159,1
PI404172,1
PI406710,1
PI398680,1
PI398682,1
PI404166,1
PI404198B,1
PI339995,1
PI340035,1
PI340037,1
PI361103,1
PI273483C,1
PI273483D,1
PI274212,1
PI339864A,1
PI339868D,1
PI340046,1
PI340049,1
PI423747A,1
PI423826B,1
PI398395,1
PI398841,1
PI398227,1
PI398297,1
PI398694,1
PI398702,1
PI398747,1
PI398755,1
PI399008,1
PI399077,1
PI399080,1
PI424366,1
PI398311,1
PI423734,1
PI423789,1
PI423790,1
PI423827A,1
PI423836,1
PI423837A,1
PI423842,1
PI424214A,1
PI424221B,1
PI424222A,1
PI424237A,1
PI424239,1
PI424244,1
PI424250B,1
PI424278B,1
PI424342B,1
PI424345,1
PI424352,1
PI424354,1
PI424367,1
PI424400,1
PI424406A,1
PI424409,1
PI424414,1
PI424420,1
PI424430,1
PI424450,1
PI424458,1
PI424477,1
PI424487B,1
PI424495,1
PI424498,1
PI398206,1
PI398245,1
PI398250,1
PI398371,1
PI398375,1
PI398389,1
PI398609,1
PI398621,1
PI398631,1
PI398674,1
PI398737,1
PI398843,1
PI398880,1
PI398944,1
PI398946,1
PI399017,1
PI399023,1
PI399079,1
PI423848,1
PI423791,1
PI423792,1
PI423808A,1
PI423808B,1
PI424214C,1
PI424276,1
PI424320,1
PI424412,1
PI424452,1
PI424468,1
PI398299,1
PI398305,1
PI398867,1
PI398868,1
PI399004,1
PI423788,1
PI423802,1
PI423858,1
PI424234A,1
PI424234B,1
PI424285C,1
PI424316,1
PI424317,1
PI424342A,1
PI424349B,1
PI424349C,1
PI424355,1
PI424389,1
PI424396,1
PI424397,1
PI424413,1
PI424444B,1
PI424479,1
PI424489A,1
PI424489B,1
PI398191,1
PI398198,1
PI398214,1
PI398386,1
PI398565,1
PI398636,1
PI398764,1
PI398847,1
PI398857,1
PI398887,1
PI398940,1
PI398953,1
PI398959,1
PI399016,1
PI399036,1
PI399051,1
PI399119,1
PI423784,1
PI424247A,1
PI424247B,1
PI424249C,1
PI424249D,1
PI424264,1
PI424429,1
PI398298,1
PI398306,1
PI398572,1
PI398772,1
PI398884,1
PI423833A,1
PI407850,1
PI407861A,1
PI407933,1
PI398710,1
PI404169B,1
PI404182,1
PI404186,1
PI407653,1
PI407659A,1
PI407861B,1
PI407907A,1
PI407926B,1
PI408050A,1
PI408052A,1
PI408075,1
PI416904B,1
PI417079,1
PI417526,1
PI274205,1
PI398919,1
PI398975,1
PI407776,1
PI407778B,1
PI407778C,1
PI407781A,1
PI407818B,1
PI407820,1
PI407845B,1
PI407861C,1
PI407867B,1
PI407895,1
PI407913A,1
PI407914C,1
PI407917,1
PI407918A,1
PI407918B,1
PI407927B,1
PI407934,1
PI407959B,1
PI407986A,1
PI407988A,1
PI407991,1
PI407996,1
PI407998A,1
PI407998C,1
PI408014,1
PI408016A,1
PI408019C,1
PI408020B,1
PI408020C,1
PI408029,1
PI408032B,1
PI408067A,1
PI408074B,1
PI408074C,1
PI408095B,1
PI408114,1
PI408124B,1
PI408124C,1
PI408124D,1
PI408125A,1
PI408132,1
PI408134A,1
PI408169B,1
PI408173,1
PI408196A,1
PI408196B,1
PI408197A,1
PI408198,1
PI408203B,1
PI408221A,1
PI408224B,1
PI408225A,1
PI408227,1
PI408245,1
PI408260B,1
PI408265A,1
PI408272C,1
PI408275,1
PI408281A,1
PI408289,1
PI408310B,1
PI408316,1
PI408319B,1
PI408320,1
PI408335A,1
PI408335B,1
PI408338,1
PI423756B,1
PI423799B,1
PI423850,1
PI424348C,1
PI424426,1
PI408105A,1
PI340017,1
PI398854,1
PI404183,1
PI404197,1
PI407658A,1
PI407658B,1
PI407772A,1
PI407772B,1
PI407778A,1
PI407781B,1
PI407786A,1
PI407788B,1
PI407795B,1
PI407805A,1
PI407805D,1
PI407806A,1
PI407806B,1
PI407812,1
PI407817,1
PI407818A,1
PI407823,1
PI407827,1
PI407832A,1
PI407832B,1
PI407833A,1
PI407845A,1
PI407847,1
PI407848,1
PI407862,1
PI407877B,1
PI407892A,1
PI407907B,1
PI407914A,1
PI407922,1
PI407949,1
PI407952A,1
PI407952B,1
PI407959A,1
PI407960A,1
PI407960B,1
PI407973A,1
PI408016B,1
PI408019B,1
PI408020A,1
PI408048A,1
PI408048B,1
PI408055A,1
PI408057,1
PI408068A,1
PI408076A,1
PI408079A,1
PI408090,1
PI408092A,1
PI408092B,1
PI408095A,1
PI408105B,1
PI408108,1
PI408110A,1
PI408124A,1
PI408135B,1
PI408137A,1
PI408138A,1
PI408138C,1
PI408140A,1
PI408140B,1
PI408169A,1
PI408169D,1
PI408172,1
PI408194,1
PI408199,1
PI408201B,1
PI408210,1
PI408211A,1
PI408211B,1
PI408214,1
PI408224A,1
PI408226A,1
PI408236,1
PI408255B,1
PI408258,1
PI408269A,1
PI408272B,1
PI408277,1
PI408280,1
PI408287,1
PI408292,1
PI408306,1
PI408307A,1
PI408310A,1
PI424540,1
PI424541,1
PI408255A,1
PI415074,1
PI424078,1
PI424134,1
PI424444A,1
PI424568,1
PI424569A,1
PI427088D,1
PI427106,1
PI427107A,1
PI398875,1
PI399022,1
PI407863,1
PI407976A,1
PI407979,1
PI407981B,1
PI407985,1
PI407992,1
PI408004-1,1
PI408008,1
PI408010-1,1
PI408020D,1
PI408055C,1
PI408058,1
PI408076B,1
PI408138D,1
PI408166B,1
PI408170,1
PI408178,1
PI408184A,1
PI408187,1
PI408189,1
PI408209C,1
PI408212B,1
PI408221B,1
PI408222B,1
PI408222C,1
PI408229C,1
PI408231,1
PI408259A,1
PI408265B,1
PI408302,1
PI408307C,1
PI408309,1
PI408311-1,1
PI423811,1
PI424140,1
PI424149,1
PI424150,1
PI424151,1
PI424154B,1
PI424156A,1
PI424164A,1
PI424165,1
PI424167,1
PI424171A,1
PI424171B,1
PI424172A,1
PI424175,1
PI424179A,1
PI424181,1
PI424188A,1
PI424188B,1
PI424238,1
PI424254,1
PI424257B,1
PI424293,1
PI424294A,1
PI424294B,1
PI424298,1
PI424499B,1
PI424499C,1
PI424499D,1
PI424503,1
PI424506,1
PI424509,1
PI424517B,1
PI424518,1
PI424521A,1
PI424522,1
PI424529,1
PI424530,1
PI424531,1
PI424532,1
PI424536,1
PI424539,1
PI424542,1
PI424544,1
PI424545,1
PI424546B,1
PI424547,1
PI424552,1
PI424554,1
PI424555A,1
PI424555B,1
PI424556,1
PI424557,1
PI424558A,1
PI424559,1
PI424561,1
PI424566,1
PI424567,1
PI424571,1
PI424579,1
PI424581,1
PI424582,1
PI424583,1
PI424584,1
PI424588,1
PI424590A,1
PI424590B,1
PI424592,1
PI424599,1
PI424607,1
PI424608B,1
PI424613,1
PI424617,1
PI424159B,1
PI398273,1
PI407981A,1
PI408050B,1
PI408089,1
PI424024,1
PI424143,1
PI424152,1
PI424154A,1
PI424158,1
PI424159C,1
PI424160,1
PI424292,1
PI424499A,1
PI424504A,1
PI424504B,1
PI424511,1
PI424512,1
PI424513,1
PI424517A,1
PI424519,1
PI424528,1
PI424533,1
PI424535B,1
PI424546A,1
PI424548,1
PI424549A,1
PI424549B,1
PI424569B,1
PI424575,1
PI424597,1
PI424600,1
PI424604,1
PI424608A,1
PI424611A,1
PI424611B,1
PI424614,1
PI273483F,1
PI424488A,1
PI423814B,1
PI423826A,1
PI424353,1
PI424368A,1
PI424373,1
PI424422,1
PI398993,1
PI398493,1
PI423815,1
PI424275,1
PI423731,1
PI423752B,1
PI423753B,1
PI423769B,1
PI423839,1
PI424214B,1
PI424223,1
PI424251A,1
PI424268,1
PI424278A,1
PI424279,1
PI424300A,1
PI424302,1
PI424307,1
PI424321,1
PI424322,1
PI424324A,1
PI424329,1
PI424332,1
PI424403,1
PI424406B,1
PI424436,1
PI424466,1
PI424484B,1
PI424491A,1
PI424493A,1
PI398270,1
PI398417,1
PI398429,1
PI398503,1
PI398634,1
PI398873,1
PI398877,1
PI399106,1
PI399112,1
PI423843,1
PI424374,1
PI424431,1
PI424460,1
PI424494,1
PI398499,1
PI424343,1
PI424481B,1
PI424565,1
PI423826C,1
PI423830A,1
PI423845A,1
PI424221A,1
PI424224,1
PI424229A,1
PI424229B,1
PI424249B,1
PI424259,1
PI424277A,1
PI424339,1
PI424346,1
PI424349A,1
PI424350,1
PI424351,1
PI424368B,1
PI424381,1
PI424388,1
PI424419,1
PI424435,1
PI424476,1
PI424483,1
PI424486,1
PI424487A,1
PI398224,1
PI398228,1
PI398320,1
PI398406,1
PI398728,1
PI398739,1
PI398939,1
PI290126B,1
PI297544,1
PI398831,1
PI398859,1
PI398980,1
PI398989,1
PI398992,1
PI399068,1
PI407849,1
PI407974A,1
PI408005,1
PI423838,1
PI424319,1
PI273483A,1
PI291302B,1
PI297504,1
PI297537,1
PI339977,1
PI339991,1
PI339993,1
PI340007,1
PI340018,1
PI340033,1
PI340052,1
PI361053,1
PI372415A,1
PI398504,1
PI398505,1
PI398514,1
PI398600,1
PI398620,1
PI398624,1
PI398625,1
PI398638,1
PI398639,1
PI398686,1
PI398712,1
PI398727,1
PI398749,1
PI398751,1
PI398821,1
PI398822,1
PI398885,1
PI398898,1
PI398908,1
PI398954,1
PI398957,1
PI404180,1
PI404187,1
PI404196A,1
PI407655C,1
PI407656,1
PI407706B,1
PI407711B,1
PI407746,1
PI407810,1
PI407925,1
PI408019A,1
PI408052B,1
PI408128,1
PI408130,1
PI408135A,1
PI408270A,1
PI408315A,1
PI408315B,1
PI416936,1
PI417040B,1
PI423730B,1
PI423744,1
PI423769A,1
PI423776,1
PI423798A,1
PI423829,1
PI424192A,1
PI424192B,1
PI424249A,1
PI424261,1
PI424356,1
PI424359,1
PI424408,1
PI424423,1
PI424425,1
PI424463,1
PI424563,1
PI274210,1
PI339865B,1
PI339987,1
PI339997,1
PI340039,1
PI340040,1
PI340054,1
PI398197,1
PI398211,1
PI398221,1
PI398236,1
PI398257,1
PI398289,1
PI398327,1
PI398342,1
PI398379,1
PI398392,1
PI398408,1
PI398412,1
PI398425,1
PI398426,1
PI398430,1
PI398439,1
PI398441,1
PI398443,1
PI398450,1
PI398489,1
PI398501,1
PI398523,1
PI398529,1
PI398558,1
PI398588,1
PI398644,1
PI398705,1
PI398716,1
PI398738,1
PI398743,1
PI398753,1
PI398758,1
PI398759,1
PI398768,1
PI398801,1
PI398802,1
PI398838,1
PI399046,1
PI399070,1
PI406709,1
PI407860,1
PI407902B,1
PI407972C,1
PI408006,1
PI408013,1
PI408032A,1
PI408033,1
PI408039,1
PI408069,1
PI408070B,1
PI408071,1
PI408083A,1
PI408084B,1
PI408109A,1
PI408116,1
PI408126B,1
PI408133,1
PI408137B,1
PI408166A,1
PI408171,1
PI408174,1
PI408197B,1
PI408203A,1
PI408209B,1
PI408217B,1
PI408228B,1
PI408229A,1
PI408232,1
PI408233A,1
PI408233B,1
PI408234B,1
PI408235,1
PI408249,1
PI408256,1
PI408260C,1
PI408262C,1
PI408262D,1
PI408263,1
PI408271,1
PI408285B,1
PI408290,1
PI408314,1
PI417345B,1
PI423729,1
PI423746,1
PI423748C,1
PI423749,1
PI423750,1
PI423752A,1
PI423763,1
PI423765,1
PI423766,1
PI423768,1
PI423770,1
PI423778,1
PI423795,1
PI423800,1
PI423803,1
PI423809,1
PI423813,1
PI423816,1
PI423819,1
PI423825,1
PI423833B,1
PI423835,1
PI423841,1
PI423845B,1
PI423846,1
PI423851,1
PI424211,1
PI424216,1
PI424217A,1
PI424217B,1
PI424220A,1
PI424220B,1
PI424232B,1
PI424235,1
PI424236,1
PI424243,1
PI424250A,1
PI424253,1
PI424257A,1
PI424260,1
PI424262,1
PI424267,1
PI424270A,1
PI424270B,1
PI424271,1
PI424272B,1
PI424274B,1
PI424284B,1
PI424287,1
PI424288,1
PI424289,1
PI424296B,1
PI424299B,1
PI424301,1
PI424309A,1
PI424310,1
PI424311,1
PI424314,1
PI424315,1
PI424326,1
PI424327,1
PI424328,1
PI424330,1
PI424369,1
PI424379,1
PI424383,1
PI424384,1
PI424387,1
PI424395,1
PI424399,1
PI424401,1
PI424407,1
PI424421,1
PI424427,1
PI424428,1
PI424465,1
PI424469,1
PI424470,1
PI424472A,1
PI424472B,1
PI424497,1
PI398832,1
PI407851,1
PI274206,1
PI339985,1
PI339990,1
PI339994,1
PI340005,1
PI340020,1
PI340021A,1
PI340038,1
PI340041,1
PI340047,1
PI340053A,1
PI398182,1
PI398199,1
PI398222,1
PI398229,1
PI398232,1
PI398233,1
PI398234,1
PI398235,1
PI398271,1
PI398291,1
PI398310,1
PI398313,1
PI398314,1
PI398318,1
PI398319,1
PI398322,1
PI398326,1
PI398329,1
PI398366,1
PI398374,1
PI398382,1
PI398383,1
PI398384,1
PI398385,1
PI398396,1
PI398404,1
PI398410,1
PI398415,1
PI398446,1
PI398475,1
PI398490,1
PI398532,1
PI398549,1
PI398566,1
PI398599,1
PI398617,1
PI398704,1
PI398730,1
PI398735,1
PI398744,1
PI398746,1
PI398754,1
PI398757,1
PI398823,1
PI398839,1
PI398871,1
PI398872,1
PI398879,1
PI398883,1
PI398906,1
PI398910,1
PI399034,1
PI399094,1
PI404167,1
PI404179A,1
PI404181,1
PI404190,1
PI404194,1
PI404199,1
PI406707,1
PI407735,1
PI407795A,1
PI407805B,1
PI407868A,1
PI407898A,1
PI407902A,1
PI407914B,1
PI407927A,1
PI407958,1
PI407972A,1
PI408025,1
PI408028,1
PI408066A,1
PI408073,1
PI408126A,1
PI408136,1
PI408138B,1
PI408175,1
PI408209A,1
PI408217A,1
PI408222A,1
PI408234A,1
PI408237,1
PI408261,1
PI408262A,1
PI408262B,1
PI408264,1
PI408272A,1
PI408273,1
PI408285A,1
PI408312B,1
PI408327A,1
PI416854,1
PI417382,1
PI423721,1
PI423728B,1
PI423730A,1
PI423733,1
PI423735,1
PI423736A,1
PI423747B,1
PI423753A,1
PI423757,1
PI423771,1
PI423777,1
PI423779,1
PI423783,1
PI423793,1
PI423794,1
PI423796A,1
PI423796B,1
PI423797,1
PI423799A,1
PI423812,1
PI423830B,1
PI424227A,1
PI424231,1
PI424232A,1
PI424233,1
PI424234C,1
PI424249E,1
PI424252,1
PI424255A,1
PI424256,1
PI424258,1
PI424263,1
PI424265,1
PI424269A,1
PI424272A,1
PI424273A,1
PI424273B,1
PI424274A,1
PI424280,1
PI424281A,1
PI424283,1
PI424284A,1
PI424286,1
PI424291,1
PI424295,1
PI424296A,1
PI424299A,1
PI424303,1
PI424306,1
PI424318,1
PI424335A,1
PI424336,1
PI424347A,1
PI424347B,1
PI424348A,1
PI424357A,1
PI424364A,1
PI424364B,1
PI424372,1
PI424386A,1
PI424386B,1
PI424402A,1
PI424402B,1
PI424411,1
PI424432,1
PI424444C,1
PI424459,1
PI424462A,1
PI424467,1
PI424471,1
PI424481A,1
PI424484A,1
PI424485,1
PI424488B,1
PI424227B,1
PI417189,1
PI360841,1
PI339981,1
PI360845,1
PI360846,1
PI342004,1
PI378682B,1
PI423870,1
PI423885,1
PI423896,1
PI423933,1
PI423939,1
PI423941,1
PI423946,1
PI423948B,1
PI423951,1
PI423974,1
PI423987B,1
PI274456,1
PI417162,1
PI423932,1
PI423877,1
PI423902,1
PI423910,1
PI423983,1
PI424255C,1
PI424344,1
PI379560,1
PI399028,1
PI423893,1
PI417230,1
PI423890B,1
PI423977,1
PI423979,1
PI378682C,1
PI379556,1
PI398440,1
PI398495,1
PI398773,1
PI398790,1
PI423930A,1
PI393537,1
PI393538,1
PI393540,1
PI398741,1
PI398765,1
PI378682A,1
PI416753,1
PI416868B,1
PI416889,1
PI416898,1
PI417032,1
PI417186,1
PI416773,1
PI416784,1
PI416791,1
PI416830,1
PI416856,1
PI416862,1
PI416863,1
PI416866,1
PI416875,1
PI416892,1
PI416896,1
PI416916,1
PI416920,1
PI416929,1
PI416952,1
PI416953,1
PI416954,1
PI416967,1
PI416991,1
PI416993,1
PI417010,1
PI417020,1
PI417042,1
PI417050,1
PI417062,1
PI417087,1
PI417101,1
PI417137,1
PI417142,1
PI417151,1
PI417152,1
PI417154,1
PI417161,1
PI417173,1
PI417175,1
PI417177,1
PI417178,1
PI417185,1
PI417191,1
PI417218,1
PI417229,1
PI417244,1
PI417246,1
PI417255,1
PI417268,1
PI417274,1
PI417303,1
PI417315,1
PI417354,1
PI417355A,1
PI417355B,1
PI417364,1
PI417393,1
PI417455,1
PI417485,1
PI417487,1
PI407867A,1
PI408064,1
PI416769A,1
PI416779,1
PI416801,1
PI416839,1
PI416840,1
PI416859,1
PI416864,1
PI416872,1
PI416950,1
PI416958,1
PI416959,1
PI417102A,1
PI417102B,1
PI417207,1
PI417371,1
PI417431,1
PI416918,1
PI407805C,1
PI408269B,1
PI416769C,1
PI416829,1
PI416841,1
PI416857,1
PI416869,1
PI416913,1
PI416914,1
PI416965,1
PI416968,1
PI416983,1
PI416984,1
PI416987,1
PI416992,1
PI416997,1
PI417001,1
PI417002,1
PI417003,1
PI417004,1
PI417022,1
PI417033B,1
PI417035,1
PI417056,1
PI417070,1
PI417092,1
PI417176,1
PI417180,1
PI417198,1
PI417200,1
PI417202,1
PI417231,1
PI417254,1
PI417279,1
PI417283,1
PI417298,1
PI417324B,1
PI417367,1
PI417368,1
PI417400,1
PI417414B,1
PI417417,1
PI417424,1
PI417479,1
PI417480,1
PI417488,1
PI423871,1
PI424580,1
PI274455,1
PI281850,1
PI360959,1
PI360836,1
PI342005,1
PI360842,1
PI360848,1
PI274423,1
PI360838,1
PI423865,1
PI393535,1
PI417147,1
PI424312,1
PI424492,1
PI274420,1
PI379562B,1
PI423798B,1
PI423914A,1
PI423973,1
PI416763,1
PI416789,1
PI416817,1
PI416832,1
PI416833,1
PI416852,1
PI416868A,1
PI416870,1
PI416943,1
PI417017,1
PI417077,1
PI417323,1
PI317334B,1
PI340011,1
PI340031A,1
PI358313,1
PI358318A,1
PI360835,1
PI360837,1
PI379559C,1
PI379559D,1
PI379561,1
PI391577,1
PI391586,1
PI398516,1
PI398637,1
PI398672,1
PI416748,1
PI416749,1
PI416750,1
PI416752,1
PI416774,1
PI416802,1
PI416816,1
PI416818,1
PI416853,1
PI416865,1
PI416891,1
PI416897,1
PI416917,1
PI416956,1
PI416966,1
PI416986,1
PI416989,1
PI416990,1
PI416994,1
PI416996,1
PI416998,1
PI417018,1
PI417023,1
PI417027,1
PI417029,1
PI417044,1
PI417045,1
PI417051,1
PI417060,1
PI417064,1
PI417066,1
PI417067,1
PI417072,1
PI417075,1
PI417100,1
PI417145,1
PI417148,1
PI417167,1
PI417170,1
PI417174,1
PI417183,1
PI417201,1
PI417214,1
PI417219,1
PI417225,1
PI417257,1
PI417282,1
PI417285,1
PI417304,1
PI417321,1
PI417325,1
PI417333,1
PI417334,1
PI417338,1
PI417343,1
PI417344,1
PI417353,1
PI417362,1
PI417384,1
PI417425,1
PI417436,1
PI417447,1
PI417452,1
PI417454,1
PI417456,1
PI417460,1
PI417461,1
PI417482,1
PI423892,1
PI423935,1
PI423936,1
PI423938,1
PI423940,1
PI423945,1
PI423948A,1
PI423950,1
PI360847,1
PI273484,1
PI340042,1
PI398357,1
PI398360,1
PI398537,1
PI398559,1
PI398652,1
PI398767,1
PI398916,1
PI398923,1
PI399054,1
PI408065,1
PI408070A,1
PI408179,1
PI408332A,1
PI416755,1
PI416756,1
PI416837,1
PI416842,1
PI416855,1
PI416882,1
PI416888,1
PI416919,1
PI416939,1
PI416995,1
PI417179B,1
PI417199,1
PI417276,1
PI417293,1
PI417301,1
PI417413,1
PI417435,1
PI417437,1
PI417472C,1
PI423926,1
PI424282,1
PI424323,1
PI424449,1
PI424564,1
PI339734,1
PI339736,1
PI385942,1
PI398201,1
PI398367,1
PI398431,1
PI398470,1
PI398522,1
PI398531,1
PI398626,1
PI398685,1
PI398909,1
PI398920,1
PI398922,1
PI398929,1
PI398933,1
PI398934,1
PI398995,1
PI398997,1
PI407905,1
PI408260A,1
PI416769B,1
PI416772,1
PI416786,1
PI416831,1
PI416858,1
PI416879,1
PI416884,1
PI416934,1
PI416945,1
PI416971,1
PI417006,1
PI417007,1
PI417019,1
PI417021,1
PI417028,1
PI417033A,1
PI417054,1
PI417057,1
PI417065,1
PI417086A,1
PI417096,1
PI417107,1
PI417163,1
PI417168,1
PI417171,1
PI417179A,1
PI417195,1
PI417217,1
PI417232,1
PI417249,1
PI417269,1
PI417278,1
PI417287,1
PI417309A,1
PI417324A,1
PI417339,1
PI417340,1
PI417397,1
PI417429,1
PI417433,1
PI417468,1
PI417472A,1
PI417472B,1
PI417495,1
PI417577,1
PI417580,1
PI423740,1
PI423888,1
PI423890C,1
PI424255B,1
PI424281B,1
PI424335B,1
PI424377,1
PI360955A,1
PI417565,1
PI399074,1
PI423706,1
PI361078,1
PI417512A,1
PI417514,1
PI407716,1
PI424148,1
PI297552,1
PI347551,1
PI378679,1
PI424242,1
PI290114,1
PI291312,1
PI297501,1
PI297516,1
PI297519,1
PI319536C,1
PI319538,1
PI339868A,1
PI347540B,1
PI347549,1
PI360954,1
PI361059A,1
PI361068,1
PI361069,1
PI361070,1
PI361073,1
PI361082,1
PI361083,1
PI361086,1
PI361100,1
PI361102,1
PI361114,1
PI372408,1
PI372410,1
PI372412,1
PI372420,1
PI378675A,1
PI378680A,1
PI378680B,1
PI417511,1
PI417513A,1
PI290126A,1
PI290134,1
PI291304,1
PI291305,1
PI291322,1
PI297514,1
PI347552A,1
PI347560,1
PI361088A,1
PI361115,1
PI378677C,1
PI378680D,1
PI404192B,1
PI416904C,1
PI417294,1
PI417509,1
PI417515,1
PI417516,1
PI417572A,1
PI417095,1
PI423954,1
PI379563,1
PI423949,1
PI416930,1
PI360957,1
PI416845,1
PI416890,1
PI416976,1
PI417512B,1
PI423864,1
PI416757,1
PI416776,1
PI416805,1
PI416878,1
PI416910,1
PI416911,1
PI416915,1
PI416923,1
PI416963,1
PI416978,1
PI416985,1
PI417012,1
PI417143,1
PI417210,1
PI417228,1
PI417296,1
PI417300,1
PI417391,1
PI417453,1
PI417187,1
PI423868,1
PI423872,1
PI360953,1
PI379559A,1
PI342435A,1
PI342435B,1
PI358316A,1
PI358316B,1
PI358318B,1
PI379559B,1
PI417476,1
PI317337,1
PI423942,1
PI423943,1
PI423955,1
PI317336,1
PI358316C,1
PI360963A,1
PI360963B,1
PI361111,1
PI372423,1
PI416746,1
PI416964,1
PI417046,1
PI417381,1
PI417446,1
PI417449,1
PI417450,1
PI423867,1
PI423869,1
PI358314,1
PI317334A,1
PI342437,1
PI416747,1
PI416751,1
PI416782,1
PI416887,1
PI416906,1
PI416921,1
PI416940,1
PI416974,1
PI417024,1
PI417043,1
PI417144,1
PI417196A,1
PI417196B,1
PI417299,1
PI417326,1
PI417327,1
PI417451,1
PI423880,1
PI423891,1
PI423947,1
PI423953,1
PI423987A,1
PI423897,1
PI424358,1
PI398935,1
PI424348B,1
PI407788A,1
PI407939A,1
PI407981C,1
PI398878,1
PI398927,1
PI407903A,1
PI398421,1
PI424245,1
PI398601,1
PI417412,1
PI417245,1
PI379562A,1
PI399043,1
PI417458,1
PI340034,1
PI398251,1
PI398249,1
PI398281,1
PI398258,1
PI274211,1
PI398256,1
PI398260,1
PI398265,1
PI398274,1
PI424385,1
PI398243,1
PI398248,1
PI417297,1
PI548353,1
PI347540A,1
PI317333,1
PI360958,1
PI360844,1
PI407946-2,1
PI339865A,1
PI417150,1
PI398752,1
PI398312,1
PI398643,1
PI398693,1
PI424219A,1
PI398223,1
PI398359,1
PI398664,1
PI398706,1
PI407926A,1
PI407900,1
PI407914D,1
PI407924,1
PI408062,1
PI408068B,1
PI408288,1
PI407821A,1
PI407908,1
PI408111,1
PI407974B,1
PI407937-1,1
PI407975A,1
PI407977,1
PI408097,1
PI408125B,1
PI424241,1
PI398356,1
PI273483E,1
PI398296,1
PI398684,1
PI398687,1
PI398708,1
PI398709,1
PI407903B,1
PI417241,1
PI417576,1
PI398350,1
PI398358,1
PI398472,1
PI398519,1
PI398657,1
PI398698,1
PI398788,1
PI398912,1
PI398926,1
PI407858,1
PI407972B,1
PI424370B,1
PI398226,1
PI398368,1
PI398492,1
PI398655,1
PI398695,1
PI398696,1
PI398701,1
PI398707,1
PI398766,1
PI424266,1
PI423881,1
PI398640,1
PI417328,1
PI417192,1
PI417459,1
PI423890A,1
PI417233,1
PI417336,1
PI423927,1
PI398641,1
PI398654,1
PI416822,1
PI416846,1
PI417248,1
PI423883,1
PI423884,1
PI423899,1
PI398720,1
PI417305,1
PI398642,1
PI399072,1
PI417238,1
PI417432,1
PI423980,1
PI407705,1
PI290156,1
PI372411,1
PI378677A,1
PI391588,1
PI417226,1
PI417227,1
PI423944,1
PI361120,1
PI398275,1
PI398272,1
PI398276,1
PI407988B,1
PI398252,1
PI398268,1
PI417471,1
PI548303,1
PI548337,1
PI548547,1
PI548510,1
PI548511,1
PI548513,1
PI548580,1
PI548630,1
PI548518,1
PI548526,1
PI548556,1
PI548565,1
PI543856,1
PI398230,2
PI399018,2
PI423748B,2
PI398774,2
PI398775,2
PI423741,2
PI398930,2
PI406708,2
PI407892C,2
PI407727,2
PI407773A,2
PI407773B,2
PI407796,2
PI407897,2
PI408216B,2
PI427107B,2
PI408119,2
PI408181D,2
PI408225B,2
PI408230,2
PI424169A,2
PI424169B,2
PI424180,2
PI424523A,2
PI424523B,2
PI424537,2
PI424574,2
PI424596,2
PI420338,2
PI424159A,2
PI424520,2
PI424535A,2
PI424605A,2
PI427088J,2
PI273483B,2
PI274209,2
PI423787,2
PI291310C,2
PI297510,2
PI297533,2
PI370055,2
PI378672,2
PI398300,2
PI339983,2
PI340010,2
PI398762,2
PI398964,2
PI408215A,2
PI423737,2
PI424246,2
PI424270C,2
PI424285D,2
PI424299C,2
PI424313,2
PI424454,2
PI339868C,2
PI398397,2
PI398619,2
PI398750,2
PI398905,2
PI404173B,2
PI404195,2
PI407731,2
PI407734,2
PI407736,2
PI408216A,2
PI423756A,2
PI424370A,2
PI424380,2
PI424410,2
PI424424,2
PI424462B,2
PI423975,2
PI399019,2
PI398970,2
PI398204,2
PI417160,2
PI408334,2
PI398416,2
PI339984,2
PI398237,2
PI407702,2
PI291274B,2
PI290122,2
PI319534B,2
PI347548,2
PI347550B,2
PI347556,2
PI347568,2
PI347570,2
PI361061A,2
PI361077B,2
PI361084,2
PI361094,2
PI361119,2
PI372409,2
PI378659,2
PI378660B,2
PI424193,2
PI290124,2
PI297500,2
PI319535A,2
PI361071B,2
PI378680E,2
PI404192A,2
PI417572B,2
PI360965,2
PI417478,2
PI360963C,2
PI317332,2
PI361093,2
PI417139,2
PI417239,2
PI378680C,2
PI347552B,2
PI398242,2
PI274207,2
PI548593,2
PI398451,2
PI415073B,2
PI408072,2
PI398463,2
PI361118,2
PI424205,2
PI398278,2
PI548523,2
PI404161,3
PI283331,3
PI274421,3
PI404198A,3
PI339868B,3
PI407729,3
PI291309D,3
PI423814A,3
PI398763,3
PI424405C,3
PI398791,3
PI399073,3
PI399092,3
PI407720,3
PI405690,3
PI407721,3
PI407904,3
PI407906,3
PI408015,3
PI408055B,3
PI408074A,3
PI408201A,3
PI408319C,3
PI408329,3
PI407770,3
PI408131B,3
PI408200A,3
PI408319A,3
PI424570,3
PI407966B,3
PI408021,3
PI408103,3
PI408181A,3
PI408186B,3
PI424135,3
PI424177,3
PI424184,3
PI424543,3
PI424505,3
PI424524,3
PI424609,3
PI399031,3
PI297515,3
PI361064,3
PI291306B,3
PI297528,3
PI303651,3
PI339868E,3
PI347539A,3
PI361063,3
PI361067,3
PI361074,3
PI361101,3
PI399063,3
PI407724,3
PI416904A,3
PI417242,3
PI417398,3
PI339870,3
PI339996,3
PI340015,3
PI340048,3
PI340053B,3
PI398190,3
PI398290,3
PI398444,3
PI398848,3
PI398942,3
PI407932B,3
PI408100B,3
PI408217C,3
PI408248B,3
PI408269D,3
PI408270B,3
PI408284,3
PI408291,3
PI424215,3
PI424226,3
PI424230,3
PI424357B,3
PI424462C,3
PI398267,3
PI398315,3
PI398325,3
PI398398,3
PI398405,3
PI398442,3
PI398960,3
PI398965,3
PI404174,3
PI404176,3
PI404179B,3
PI404191,3
PI407732,3
PI408052C,3
PI408212A,3
PI408248A,3
PI424225,3
PI424285B,3
PI424308,3
PI339868F,3
PI424189,3
PI424516,3
PI358317B,3
PI360843,3
PI416902,3
PI416905,3
PI417292,3
PI274208,3
PI340002,3
PI407966A,3
PI416942,3
PI417302,3
PI398200,3
PI360955B,3
PI317335,3
PI291331,3
PI384467,3
PI361122,3
PI417560,3
PI404169A,3
PI407723,3
PI361121,3
PI291275,3
PI291278,3
PI326579,3
PI290129B,3
PI290138,3
PI290139,3
PI290145,3
PI290158,3
PI291329,3
PI297498A,3
PI297523,3
PI297524,3
PI319534C,3
PI323586A,3
PI358320,3
PI361060,3
PI361077A,3
PI361091,3
PI361097A,3
PI361097B,3
PI361123A,3
PI378656A,3
PI378657,3
PI378658,3
PI378662,3
PI378678,3
PI378681,3
PI417508,3
PI417529,3
PI417531,3
PI417542,3
PI417558,3
PI423709,3
PI424196,3
PI361066A,3
PI370059,3
PI404157,3
PI291276,3
PI297499,3
PI297505,3
PI297551,3
PI326580,3
PI347550A,3
PI361096,3
PI361098,3
PI361099,3
PI361117,3
PI378677B,3
PI384469C,3
PI401418,3
PI404155B,3
PI404192C,3
PI417513B,3
PI417448,3
PI407718,3
PI358319,3
PI291277,3
PI360850,3
PI423716,3
PI361095,3
PI378670B,3
PI399069,3
PI398615,3
PI398317,3
PI291309C,3
PI361104,3
PI548504,3
PI548594,3
PI548426,3
PI404170,3
PI398748,3
PI407719,3
PI424168B,3
PI404189,3
PI407717,3
PI404178,3
PI423882B,3
PI548567,3
PI518672,3
PI548549,3
PI548555,3
PI417094,4
PI407733,4
PI416762,4
PI417091,4
PI291327,4
PI423818,4
PI398494,4
PI398295,4
PI398941,4
PI398985,4
PI424305,4
PI398225,4
PI398830,4
PI398996,4
PI399027,4
PI398776,4
PI407711A,4
PI424219B,4
PI408318A,4
PI427088F,4
PI407883,4
PI424153,4
PI424162,4
PI424168A,4
PI424173,4
PI424500,4
PI424610,4
PI291310B,4
PI361116,4
PI297545,4
PI383277,4
PI393563,4
PI423863B,4
PI424490,4
PI398994,4
PI391583,4
PI283334,4
PI291293A,4
PI291293B,4
PI291295,4
PI291301,4
PI291306A,4
PI297521,4
PI297543,4
PI347539B,4
PI361055,4
PI361065B,4
PI361080,4
PI361109,4
PI361112B,4
PI370057B,4
PI372404C,4
PI372415B,4
PI372416B,4
PI398902,4
PI404151,4
PI404168,4
PI404175,4
PI407714,4
PI407722,4
PI417030,4
PI417040A,4
PI417574,4
PI424405A,4
PI340027,4
PI340036,4
PI398482,4
PI398484,4
PI398761,4
PI398849,4
PI398913,4
PI398963,4
PI408018,4
PI424228,4
PI424277B,4
PI407730,4
PI398181,4
PI398188,4
PI398202,4
PI398231,4
PI398283,4
PI398294,4
PI398394,4
PI398419,4
PI398858,4
PI398890,4
PI398914,4
PI398915,4
PI398938,4
PI399039,4
PI399091,4
PI399093,4
PI404193,4
PI407932A,4
PI408131A,4
PI423705,4
PI423725,4
PI423728A,4
PI423863A,4
PI417082,4
PI399001,4
PI416835,4
PI417140,4
PI408036,4
PI384474,4
PI291288,4
PI417291,4
PI417349,4
PI340012,4
PI398904,4
PI398420,4
PI399030,4
PI423739,4
PI417552,4
PI417564,4
PI407701,4
PI407707,4
PI415072,4
PI424206,4
PI358323,4
PI297502,4
PI347546A,4
PI378676B,4
PI290120,4
PI290116B,4
PI290123B,4
PI290125,4
PI290129A,4
PI290135,4
PI290137,4
PI290140,4
PI290142,4
PI290150,4
PI290155,4
PI290157,4
PI291313,4
PI295949,4
PI295951,4
PI295952,4
PI297506,4
PI297542,4
PI319536A,4
PI319537A,4
PI347545,4
PI347554,4
PI361058,4
PI361085A,4
PI361108,4
PI361123B,4
PI372403A,4
PI372403B,4
PI372403C,4
PI372407,4
PI372413,4
PI372422,4
PI378660A,4
PI378661,4
PI378673,4
PI404155A,4
PI407386B,4
PI407713,4
PI417532,4
PI417533,4
PI417540,4
PI417541,4
PI423715,4
PI424194,4
PI424195A,4
PI424197,4
PI290116A,4
PI384469A,4
PI407710,4
PI290149,4
PI291282,4
PI291283,4
PI291284,4
PI291290,4
PI291311B,4
PI291319B,4
PI291320A,4
PI297511,4
PI297538,4
PI319535B,4
PI347546B,4
PI361062A,4
PI361065A,4
PI361071C,4
PI361075,4
PI361087,4
PI361088B,4
PI361092,4
PI378664A,4
PI378664B,4
PI378664C,4
PI378669C,4
PI378669D,4
PI378670A,4
PI378676A,4
PI384470,4
PI404156,4
PI404158,4
PI407704,4
PI407706A,4
PI417295,4
PI417510,4
PI417513C,4
PI417517,4
PI417522,4
PI417527,4
PI417528,4
PI424202,4
PI358315C,4
PI295950,4
PI358317A,4
PI291291,4
PI358315A,4
PI398891,4
PI407709,4
PI290144,4
PI291323,4
PI398261,4
PI297518,4
PI423952,4
PI407386D,4
PI398321,4
PI398666,4
PI408333,4
PI384471,4
PI393999,4
PI404160A,4
PI398604,4
PI404177,4
PI423882A,4
PI384468,4
PI378665,4
PI407386C,4
PI417530,4
PI417554,4
PI407712,4
PI398244,4
PI398247,4
PI548304,4
PI548367,4
PI548528,4
PI548561,4
PI548527,4
PI548631,4
PI548535,4
PI548621,4
PI548524,4
PI548551,4
PI548566,4
PI548632,4
PI548517,4
PI548499,4
PI548512,4
PI548536,4
PI548542,4
PI548616,4
PI404154,5
PI404173A,5
PI398988,5
PI399015,5
PI424285A,5
PI398982,5
PI416823,5
PI417520,5
PI427088C,5
PI427088E,5
PI427088G,5
PI427088I,5
PI427105A,5
PI427105B,5
PI407947,5
PI407976B,5
PI297536,5
PI383278,5
PI290130,5
PI291286,5
PI291296,5
PI291297,5
PI291298,5
PI291299,5
PI291302A,5
PI291302C,5
PI291309B,5
PI291315,5
PI323586B,5
PI361062B,5
PI384473,5
PI398881,5
PI404152,5
PI404188A,5
PI404196B,5
PI407655B,5
PI407657,5
PI417573,5
PI424201,5
PI398205,5
PI398486,5
PI398842,5
PI398886,5
PI398889,5
PI398334,5
PI398388,5
PI398856,5
PI398899,5
PI398903,5
PI398921,5
PI398924,5
PI398936,5
PI398937,5
PI398981,5
PI398990,5
PI399005,5
PI399010,5
PI399011,5
PI405691,5
PI424405B,5
PI424443,5
PI417138,5
PI417086B,5
PI342436,5
PI291309A,5
PI391578,5
PI416941,5
PI416972,5
PI398901,5
PI398414,5
PI398888,5
PI423707,5
PI290136,5
PI423718,5
PI417555,5
PI407708A,5
PI407708B,5
PI424190,5
PI424207,5
PI427088A,5
PI427088B,5
PI427099,5
PI290148,5
PI290151,5
PI295947,5
PI358321A,5
PI358321B,5
PI358321C,5
PI358322,5
PI360952,5
PI378668,5
PI347541,5
PI372416A,5
PI423711,5
PI424191,5
PI383276,5
PI417507,5
PI290115,5
PI290118,5
PI290121,5
PI290123A,5
PI290127,5
PI290131,5
PI290132,5
PI290133,5
PI290141,5
PI290153,5
PI290154,5
PI291311A,5
PI291318,5
PI291319A,5
PI291320B,5
PI291321,5
PI291325,5
PI291326,5
PI295948,5
PI297498B,5
PI297503,5
PI297507A,5
PI297507B,5
PI297508,5
PI297509,5
PI297512,5
PI297513,5
PI297520,5
PI297522,5
PI297525,5
PI297529,5
PI297531,5
PI297532,5
PI297534,5
PI297535,5
PI297540,5
PI297546,5
PI297547,5
PI297549,5
PI297550,5
PI303650,5
PI319534A,5
PI319536D,5
PI319537B,5
PI323586C,5
PI347540C,5
PI347544A,5
PI347544B,5
PI347555,5
PI347559A,5
PI347559B,5
PI347561,5
PI347563A,5
PI347563B,5
PI347565B,5
PI360962,5
PI360964,5
PI361056,5
PI361059B,5
PI361061B,5
PI361071A,5
PI361072,5
PI361085B,5
PI361107,5
PI361110,5
PI370056,5
PI370057A,5
PI370058,5
PI372402,5
PI372406,5
PI372417,5
PI372419,5
PI372421A,5
PI372421B,5
PI372424,5
PI378656B,5
PI378666,5
PI378667,5
PI378669A,5
PI378669B,5
PI378675B,5
PI404155C,5
PI404162,5
PI407725A,5
PI407725B,5
PI417078,5
PI417506,5
PI417518,5
PI417519A,5
PI417523,5
PI417524,5
PI417534,5
PI417535,5
PI417536A,5
PI417536B,5
PI417537A,5
PI417538,5
PI417539,5
PI417543,5
PI417544A,5
PI417544B,5
PI417545,5
PI417548,5
PI417551,5
PI417553,5
PI417556,5
PI417557,5
PI423708A,5
PI423708B,5
PI423710,5
PI423712,5
PI423713,5
PI423714,5
PI423717,5
PI423719,5
PI424198,5
PI424208,5
PI424195B,5
PI290128,5
PI291274A,5
PI291294,5
PI291300,5
PI291303A,5
PI291303B,5
PI291328,5
PI297541,5
PI297548,5
PI347542,5
PI347543,5
PI347552C,5
PI347565A,5
PI347567,5
PI361057,5
PI361066B,5
PI361081,5
PI361089,5
PI361090,5
PI361112A,5
PI361113,5
PI372418,5
PI378655,5
PI378663,5
PI378671,5
PI378674A,5
PI407654,5
PI407715,5
PI417059,5
PI417519B,5
PI417521,5
PI417525,5
PI417549,5
PI417550,5
PI424204,5
PI424210,5
PI391589A,5
PI424209,5
PI391584,5
PI290119,5
PI291272,5
PI291273,5
PI291279,5
PI291281,5
PI291310A,5
PI291324,5
PI417076,5
PI423937,5
PI424199,5
PI398401,5
PI548560,5
PI548430,5
PI378674B,5
PI548571,5
PI548607,5
PI398955,5
PI391594,5
PI404160B,5
PI404171,5
PI398931,5
PI417547,5
PI391589B,5
PI415073A,5
PI384469B,5
PI290143,5
PI319536B,5
PI372414,5
PI417546,5
PI407726,5
PI407386A,5
PI548500,5
PI548534,5
PI548582,5
PI548609,5
PI548598,5
PI548600,5
PI518670,5
PI548507,5
PI548508,5
PI548509,5
PI548540,5
PI548543,5
PI548608,5
PI548610,5
PI548617,5
PI548622,5
PI548680,5
PI548501,5
PI548620,5
PI518669,5
PI548570,5
PI548581,5
PI548541,5
PI548563,5
