acid,RUST,
FC001547,3,8
FC030265,3.3,8
FC030267,3,8
FC031700,4,8
FC031745,2.3,8
FC031927,2,8
FC031933,4,8
FC032176,3.5,8
FC033123,4,8
PI030600,4,8
PI054857,3,8
PI055089,3,8
PI060273,4,8
PI062204,4.3,8
PI068423,3.7,8
PI068427,3.3,8
PI068443,3.3,8
PI068461,3.3,8
PI068465,4,8
PI068466,3.3,8
PI068474,3.3,8
PI068475,2.7,8
PI068488,3.3,8
PI068494,2,8
PI068500,3.3,8
PI068503,3,8
PI068521,3.3,8
PI068555,4.3,8
PI068564,3.7,8
PI068585,4,8
PI068655,3.5,8
PI068658,4,8
PI068671,4.3,8
PI068704,3.3,8
PI068708,4,8
PI068761,4,8
PI068770,4.3,8
PI068806,2,8
PI069533,3,8
PI070027,3,8
PI070456,3.7,8
PI071161,3.5,8
PI071564,3.5,8
PI071677,4,8
PI072227,4,8
PI072328,2.5,8
PI072337,2.5,8
PI073772,3.3,8
PI079648,2.8,8
PI079703,3.3,8
PI081763,3.5,8
PI081765,2.4,8
PI081773,2.7,8
PI082183,3.5,8
PI082291,3,8
PI082544,4.5,8
PI082581,4.3,8
PI083881,3.4,8
PI083915,5,8
PI084632,2,8
PI084668,2.7,8
PI084671,4.3,8
PI084674,2.5,8
PI084680,5,8
PI084686,4,8
PI084921,3,8
PI084979,4,8
PI085089,2.5,8
PI086053,3.7,8
PI086069,3,8
PI086078,2,8
PI086416,4,8
PI086892,3,8
PI086908,4.3,8
PI087047,3.7,8
PI087059,5,8
PI087606,5,8
PI087629,4,8
PI088350,3,8
PI088452,2.3,8
PI088490,3,8
PI088788,4,8
PI089075,3.3,8
PI089469,3,8
PI089772,4,8
PI090251,5,8
PI090256,3,8
PI090499,5,8
PI090574,4,8
PI091144,2.4,8
PI091162,3.3,8
PI091343,3.7,8
PI091646,4.3,8
PI091719,4,8
PI091730,2,8
PI092560,3.3,8
PI092563,3.3,8
PI092743,3.5,8
PI093055,3.5,8
PI094159,2,8
PI095853,3.7,8
PI095860,4,8
PI095969,3.5,8
PI096983,4,8
PI097081,5,8
PI103080,4,8
PI103088,3,8
PI103091,3.3,8
PI123440,5,8
PI124871,2,8
PI132217,2.3,8
PI135590,3.3,8
PI148259,3.3,8
PI148260,3,8
PI153210,3,8
PI153218,3.3,8
PI153221,4.3,8
PI153223,4.7,8
PI153236,3,8
PI153242,3.7,8
PI153243,3.7,8
PI153247,3.5,8
PI153261,4,8
PI153280,3,8
PI153310,3.3,8
PI153315,3.7,8
PI153316,3.7,8
PI153317,4,8
PI153321,3.6,8
PI154192,3.5,8
PI157417,4,8
PI157421,3.7,8
PI157429,4.7,8
PI157447,4.7,8
PI157457,4.7,8
PI157458,2.7,8
PI157471,4.7,8
PI157488,3.5,8
PI159925,5,8
PI164885,2.5,8
PI165524,2,8
PI165672,4,8
PI165676,5,8
PI165896,3.3,8
PI165914,2.8,8
PI166028,2,8
PI166147,3,8
PI170889,2.5,8
PI171430,3.3,8
PI171432,3.7,8
PI171451,3,8
PI174862,3,8
PI180509,3.3,8
PI181535,3,8
PI181542,3.7,8
PI181546,3,8
PI181553,4.7,8
PI181557,4,8
PI181561,2,8
PI181571,3,8
PI183900,3,8
PI187152,3.7,8
PI189402,3,8
PI189860,3.7,8
PI189866,3,8
PI189873,4,8
PI189883,3.7,8
PI189886,4.3,8
PI189894,3.7,8
PI189937,4,8
PI189938,4,8
PI189944,3.7,8
PI189968,2,8
PI192867,2.7,8
PI192870,3.7,8
PI194630,4,8
PI194636,2,8
PI194640,4,8
PI194641,4,8
PI194645,2.9,8
PI194648,2,8
PI194654,3,8
PI194655,3,8
PI194773,3.3,8
PI196160,4.3,8
PI196177,3,8
PI196486,3.3,8
PI196528,1.5,8
PI196529,3.2,8
PI196530,4,8
PI200446,2,8
PI200455,2.3,8
PI200456,2.3,8
PI200459,3.5,8
PI200464,3.7,8
PI200465,3,8
PI200466,3,8
PI200468,4,8
PI200474,4,8
PI200488,2.5,8
PI200492,3,8
PI200494,4,8
PI200496,3.3,8
PI200503,4,8
PI200507,3.3,8
PI200515,3.5,8
PI200516,2.5,8
PI200523,3.3,8
PI200525,4,8
PI200546,3,8
PI200593,4,8
PI201421,4,8
PI201428,4,8
PI203398,3.3,8
PI203399,3,8
PI204335,3.3,8
PI205910,3.3,8
PI206258,3.6,8
PI208203,4,8
PI208432,3,8
PI208437,2.8,8
PI208782,3.5,8
PI208783,3,8
PI208788,3.3,8
PI209332,3,8
PI209833,3.3,8
PI209837,3.5,8
PI210178,3,8
PI210353,3.7,8
PI219653,4.7,8
PI219656,3.3,8
PI219732,3,8
PI222549,2.5,8
PI224268,3,8
PI224270,2.5,8
PI224275,3.3,8
PI227219,3.5,8
PI227322,3.3,8
PI227331,2.5,8
PI227566,4.7,8
PI227687,4,8
PI229333,2.5,8
PI229339,3.3,8
PI229346,2.3,8
PI229347,4.3,8
PI229358,4.5,8
PI230970,2.9,8
PI230979,3.5,8
PI232902,3.5,8
PI232988,3,8
PI232989,2,8
PI232990,2.3,8
PI232999,4.3,8
PI235340,2.3,8
PI238109,2.3,8
PI238932,3.3,8
PI239236,3.3,8
PI243524,2,8
PI243533,3.7,8
PI245008,4,8
PI248398,3.7,8
PI248405,2.7,8
PI248406,4,8
PI253655,4,8
PI257438,4,8
PI257439,4,8
PI258383,2,8
PI259538,2.7,8
PI259539,3,8
PI261473,3.7,8
PI262180,4,8
PI274205,2.7,8
PI274206,4.3,8
PI274508,3.5,8
PI281910,3,8
PI283328,4,8
PI284873,3.5,8
PI285089,3.4,8
PI285092,4,8
PI290118,4,8
PI290124,4,8
PI290127,3.7,8
PI290132,3.7,8
PI290137,4.7,8
PI290138,4.3,8
PI290143,5,8
PI290153,3.3,8
PI290154,3.7,8
PI290155,3.4,8
PI290157,3.7,8
PI291275,3.3,8
PI291276,3,8
PI291278,3,8
PI291315,4,8
PI291318,3,8
PI297499,3.3,8
PI297501,3.7,8
PI297511,4,8
PI297525,4,8
PI297538,4,8
PI297548,4.3,8
PI297549,3.3,8
PI303651,3.3,8
PI304218,3.7,8
PI305074,3.3,8
PI306712,3.5,8
PI307866,2.7,8
PI307869,3.7,8
PI307892,3.5,8
PI307894,3.5,8
PI307895,3,8
PI307896,3,8
PI319525,2.7,8
PI319529,3,8
PI319538,5,8
PI322692,4,8
PI322694,3,8
PI323275,3,8
PI323276,3,8
PI323552,3.3,8
PI323563,3.5,8
PI326579,3.7,8
PI330634,3,8
PI331793,4,8
PI339734,3,8
PI339985,4,8
PI340007,4.3,8
PI340020,4.3,8
PI340027,3.3,8
PI340041,3,8
PI340050,3,8
PI341252,2.5,8
PI341264,3.7,8
PI342003,4.7,8
PI342004,4,8
PI342437,3,8
PI346298,3.7,8
PI346300,3.7,8
PI346306,3.7,8
PI347551,3.7,8
PI347556,4,8
PI358313,3.3,8
PI358314,4,8
PI360836,4.5,8
PI360846,3.7,8
PI360851,3.3,8
PI360954,2.7,8
PI360957,3,8
PI360958,3.7,8
PI360964,4,8
PI361083,4,8
PI361094,4.3,8
PI365426,3.3,8
PI370055,3.5,8
PI370058,2.7,8
PI371607,2.7,8
PI371609,3.7,8
PI371612,3.7,8
PI372402,3.3,8
PI372407,4,8
PI372410,4.3,8
PI372412,3.7,8
PI372413,2.3,8
PI372414,3.7,8
PI372417,3.7,8
PI372424,3,8
PI374154,3,8
PI374160,3.7,8
PI374175,3.3,8
PI374178,3.7,8
PI374183,3,8
PI374187,4,8
PI374189,2.3,8
PI374190,3.3,8
PI374191,3.3,8
PI374193,3,8
PI374206,3.7,8
PI374219,4.3,8
PI377577,3,8
PI378663,2.3,8
PI378672,3.3,8
PI379618,2.7,8
PI379619,3,8
PI379620,2.7,8
PI379621,3.7,8
PI379623,3.5,8
PI381657,3,8
PI381660,3.7,8
PI381663,4.5,8
PI381664,4,8
PI381679,3.3,8
PI384470,2,8
PI384474,3.3,8
PI385942,3.2,8
PI391577,4.3,8
PI391586,4,8
PI393535,3.3,8
PI393537,3,8
PI393542,3,8
PI398193,4.3,8
PI398240,3.5,8
PI398249,4.7,8
PI398267,3.7,8
PI398279,3,8
PI398280,3.5,8
PI398284,4,8
PI398285,4.5,8
PI398288,3.5,8
PI398289,3.3,8
PI398290,3.3,8
PI398292,2.5,8
PI398295,3.3,8
PI398299,3.7,8
PI398301,3.3,8
PI398302,3.3,8
PI398303,3,8
PI398304,4.5,8
PI398308,3,8
PI398310,3,8
PI398326,2.7,8
PI398328,3.3,8
PI398332,4,8
PI398333,4,8
PI398335,2,8
PI398340,3,8
PI398343,4,8
PI398344,4,8
PI398347,4,8
PI398356,3.3,8
PI398359,2,8
PI398368,3.3,8
PI398377,2.7,8
PI398378,3,8
PI398385,3,8
PI398399,2.5,8
PI398400,3.7,8
PI398409,3.5,8
PI398440,3.3,8
PI398458,4.5,8
PI398469,3,8
PI398477,3.3,8
PI398480,4,8
PI398482,2.3,8
PI398488,3,8
PI398495,2.7,8
PI398500,2.5,8
PI398502,4,8
PI398513,4,8
PI398516,4.7,8
PI398537,3.3,8
PI398558,2.7,8
PI398560,3.3,8
PI398567,4,8
PI398571,3.7,8
PI398574,3.3,8
PI398575,3.5,8
PI398587,3.3,8
PI398590,3.5,8
PI398592,3,8
PI398593,3.3,8
PI398600,4.3,8
PI398606,3.5,8
PI398609,3.3,8
PI398619,4.3,8
PI398624,3,8
PI398633,4.3,8
PI398636,4,8
PI398639,2.7,8
PI398655,4,8
PI398659,3.7,8
PI398663,3,8
PI398671,3.3,8
PI398681,4,8
PI398690,3,8
PI398692,3,8
PI398694,3.7,8
PI398708,3.3,8
PI398709,3.3,8
PI398712,4.3,8
PI398716,3.7,8
PI398725,3,8
PI398726,2.7,8
PI398728,3,8
PI398734,2,8
PI398741,3.3,8
PI398749,4.7,8
PI398756,3.7,8
PI398804,4,8
PI398843,3.7,8
PI398847,4.3,8
PI398849,4.7,8
PI398859,4,8
PI398862,3,8
PI398863,3.7,8
PI398885,4.7,8
PI398902,3,8
PI398903,3.3,8
PI398911,3,8
PI398913,4,8
PI398924,4.3,8
PI398927,4,8
PI398930,3.7,8
PI398933,4.7,8
PI398935,3,8
PI398936,4.7,8
PI398937,2.7,8
PI398939,5,8
PI398946,4,8
PI398950,3,8
PI398960,3,8
PI398963,4,8
PI398975,3.7,8
PI398984,4,8
PI398985,3.5,8
PI398988,4,8
PI398997,4.7,8
PI398998,3,8
PI399003,4.3,8
PI399025,3.3,8
PI399033,3,8
PI399044,4,8
PI399054,4,8
PI399059,3,8
PI399066,3,8
PI399069,4,8
PI399070,2.5,8
PI404156,3,8
PI404162,3.5,8
PI404163,4.3,8
PI404174,3.7,8
PI404176,4.3,8
PI404193,5,8
PI407653,3.3,8
PI407656,3,8
PI407710,3.7,8
PI407713,3,8
PI407714,4,8
PI407715,2.7,8
PI407716,3.3,8
PI407717,3.7,8
PI407720,3,8
PI407730,1.5,8
PI407734,5,8
PI407738,4.5,8
PI407747,3.5,8
PI407765,3,8
PI407766,3,8
PI407775,3.7,8
PI407783,3,8
PI407792,3.5,8
PI407794,3,8
PI407798,4,8
PI407799,2,8
PI407801,3,8
PI407802,3.5,8
PI407804,3.7,8
PI407807,3,8
PI407815,3.5,8
PI407816,3,8
PI407819,2,8
PI407822,2.5,8
PI407825,4,8
PI407836,2.5,8
PI407837,4.7,8
PI407840,3.7,8
PI407841,3,8
PI407843,3,8
PI407846,2.5,8
PI407849,4,8
PI407854,3,8
PI407855,4,8
PI407857,3.7,8
PI407858,2.3,8
PI407865,3,8
PI407866,4,8
PI407873,4.5,8
PI407876,3.5,8
PI407879,3.5,8
PI407881,2.3,8
PI407882,2.7,8
PI407889,3,8
PI407891,3,8
PI407908,3,8
PI407909,3,8
PI407920,3,8
PI407929,3.7,8
PI407943,3,8
PI407948,3,8
PI407968,3,8
PI407978,3,8
PI407980,4,8
PI407984,4,8
PI407987,2,8
PI407989,2.7,8
PI407990,3.3,8
PI408002,4,8
PI408017,3,8
PI408034,2,8
PI408044,3.3,8
PI408053,3.7,8
PI408059,2.3,8
PI408077,3.3,8
PI408081,3,8
PI408085,2,8
PI408086,3.5,8
PI408087,3.5,8
PI408088,2.3,8
PI408090,2.7,8
PI408096,3,8
PI408106,2.7,8
PI408107,3,8
PI408122,3,8
PI408133,2.7,8
PI408149,3.5,8
PI408155,3.5,8
PI408156,4,8
PI408163,3.3,8
PI408164,3.7,8
PI408165,3,8
PI408168,4,8
PI408177,4,8
PI408179,3.7,8
PI408185,3.3,8
PI408199,3.5,8
PI408210,3,8
PI408251,3.7,8
PI408268,2.7,8
PI408271,4,8
PI408274,3,8
PI408278,4.3,8
PI408282,4,8
PI408283,2.7,8
PI408286,4.3,8
PI408305,4.3,8
PI408322,3.7,8
PI408324,3,8
PI408337,4,8
PI408345,3,8
PI416764,4,8
PI416767,4,8
PI416771,3.3,8
PI416772,4,8
PI416774,4,8
PI416778,3,8
PI416782,2.5,8
PI416783,3.5,8
PI416790,4,8
PI416803,3.7,8
PI416804,3.7,8
PI416807,3,8
PI416809,3,8
PI416811,4,8
PI416815,3.3,8
PI416818,3.5,8
PI416827,3.5,8
PI416841,2.7,8
PI416845,4,8
PI416851,3,8
PI416852,3.7,8
PI416854,3.7,8
PI416860,3.5,8
PI416865,4,8
PI416878,3,8
PI416886,3,8
PI416895,3,8
PI416898,2,8
PI416900,2.7,8
PI416903,3.3,8
PI416910,4.3,8
PI416915,2.3,8
PI416929,3.3,8
PI416945,4.7,8
PI416951,4,8
PI416955,3,8
PI416980,3.3,8
PI416981,3.3,8
PI417000,3.3,8
PI417009,3.7,8
PI417012,3,8
PI417013,3.3,8
PI417042,2.3,8
PI417071,2.3,8
PI417088,2.8,8
PI417105,2.5,8
PI417110,3,8
PI417115,3.3,8
PI417116,3.5,8
PI417117,3.3,8
PI417120,2.7,8
PI417122,2.5,8
PI417125,3.3,8
PI417126,2.5,8
PI417128,3,8
PI417131,3,8
PI417132,4,8
PI417134,3.3,8
PI417162,3,8
PI417163,3,8
PI417166,5,8
PI417173,4.3,8
PI417174,4.7,8
PI417176,4.3,8
PI417190,2.7,8
PI417194,4,8
PI417195,4.3,8
PI417197,3,8
PI417208,3,8
PI417210,5,8
PI417211,3.5,8
PI417212,3,8
PI417219,5,8
PI417220,3.7,8
PI417224,3,8
PI417227,4.3,8
PI417228,3.3,8
PI417229,3,8
PI417235,2,8
PI417239,4.7,8
PI417246,4.3,8
PI417251,2.3,8
PI417255,4.3,8
PI417267,3.7,8
PI417268,4,8
PI417287,4.7,8
PI417289,3.7,8
PI417290,3,8
PI417305,4,8
PI417317,1.5,8
PI417322,3.5,8
PI417329,3.3,8
PI417332,4,8
PI417335,2.3,8
PI417337,4,8
PI417339,4,8
PI417341,3,8
PI417342,4,8
PI417346,3,8
PI417347,3.3,8
PI417352,4.3,8
PI417357,2,8
PI417358,3,8
PI417361,4,8
PI417363,2.7,8
PI417366,3,8
PI417368,4,8
PI417372,3.5,8
PI417379,3,8
PI417380,4.3,8
PI417384,3.3,8
PI417405,4,8
PI417408,3,8
PI417424,3.5,8
PI417433,4,8
PI417434,3.7,8
PI417445,2.7,8
PI417452,2,8
PI417461,4,8
PI417463,3.3,8
PI417464,3.7,8
PI417466,3.7,8
PI417467,2.7,8
PI417468,3.7,8
PI417470,3.7,8
PI417473,3,8
PI417477,3,8
PI417486,3.3,8
PI417491,3.7,8
PI417503,3,8
PI417517,4,8
PI417518,4.3,8
PI417522,4,8
PI417528,2.7,8
PI417535,3,8
PI417541,3,8
PI417556,3.7,8
PI417557,3.3,8
PI417560,3,8
PI417561,4,8
PI417566,3.7,8
PI417576,3.7,8
PI423706,3,8
PI423707,3.5,8
PI423717,2,8
PI423722,2.3,8
PI423749,4.7,8
PI423766,3,8
PI423768,3.7,8
PI423771,3,8
PI423779,4,8
PI423783,3,8
PI423787,4.3,8
PI423790,3,8
PI423791,3.7,8
PI423801,3,8
PI423803,3.3,8
PI423805,3.7,8
PI423806,3,8
PI423807,3.5,8
PI423817,3,8
PI423820,3.3,8
PI423821,2.7,8
PI423822,3.7,8
PI423823,2,8
PI423824,3.3,8
PI423828,3,8
PI423829,4,8
PI423831,3.3,8
PI423832,3.5,8
PI423840,3,8
PI423848,3.7,8
PI423849,4,8
PI423852,2.3,8
PI423877,4.3,8
PI423880,2.7,8
PI423899,4,8
PI423907,3,8
PI423923,4,8
PI423931,3,8
PI423951,3.5,8
PI423953,3.3,8
PI423954,3.7,8
PI423962,3.5,8
PI423964,3,8
PI423972,3.2,8
PI423975,3.3,8
PI423977,3.7,8
PI423981,3,8
PI423982,4,8
PI423984,3,8
PI423985,3.5,8
PI423986,3,8
PI424139,4,8
PI424158,4.7,8
PI424170,3.5,8
PI424175,3.7,8
PI424190,2.5,8
PI424201,3.7,8
PI424202,4,8
PI424204,4,8
PI424211,3.7,8
PI424226,5,8
PI424238,4,8
PI424239,4.5,8
PI424254,4.5,8
PI424260,4,8
PI424261,3.7,8
PI424263,2.5,8
PI424264,4.7,8
PI424266,3.5,8
PI424297,4.3,8
PI424302,3,8
PI424304,3.3,8
PI424312,4,8
PI424314,4,8
PI424319,3.7,8
PI424325,4,8
PI424331,3,8
PI424339,3.7,8
PI424352,3.7,8
PI424353,3.7,8
PI424360,3.3,8
PI424366,4.3,8
PI424373,2.7,8
PI424374,3.7,8
PI424375,3,8
PI424383,3.7,8
PI424395,4.7,8
PI424400,3.7,8
PI424401,4.3,8
PI424403,3.7,8
PI424408,4.3,8
PI424418,4,8
PI424420,2.7,8
PI424425,3.7,8
PI424430,4.3,8
PI424433,2.5,8
PI424435,3.7,8
PI424440,3.5,8
PI424450,2.7,8
PI424451,3,8
PI424452,4.7,8
PI424456,3,8
PI424463,4.3,8
PI424479,3.7,8
PI424485,4,8
PI424494,4,8
PI424495,4.7,8
PI424506,3.3,8
PI424510,3.3,8
PI424515,3,8
PI424534,3,8
PI424539,2,8
PI424540,4,8
PI424541,4.3,8
PI424561,3.7,8
PI424567,3.7,8
PI424578,2,8
PI424585,3,8
PI424589,4,8
PI424596,2.7,8
PI424598,3,8
PI424613,4.3,8
PI427136,3.7,8
PI427241,3.2,8
PI429329,2.9,8
PI429330,3.7,8
PI430594,4,8
PI430595,3.7,8
PI430596,4,8
PI430620,3.3,8
PI432359,3,8
PI436563,4.3,8
PI436565,3.3,8
PI436611,4.3,8
PI436612,3.7,8
PI436617,4.5,8
PI436683,4.3,8
PI437074,4,8
PI437075,4,8
PI437082,4,8
PI437102,3.7,8
PI437106,4,8
PI437107,4.3,8
PI437123,5,8
PI437140,3,8
PI437142,3.7,8
PI437147,4,8
PI437151,2.8,8
PI437158,4.3,8
PI437179,3.3,8
PI437180,4,8
PI437182,3,8
PI437196,3.3,8
PI437198,3.7,8
PI437199,4,8
PI437222,3,8
PI437233,3,8
PI437235,3.7,8
PI437236,3.7,8
PI437241,3,8
PI437249,3,8
PI437258,3.7,8
PI437259,4.5,8
PI437263,3,8
PI437268,3.5,8
PI437269,3,8
PI437285,2.7,8
PI437303,3.3,8
PI437305,3.7,8
PI437314,3.3,8
PI437321,3,8
PI437322,3.5,8
PI437323,2.8,8
PI437328,3.7,8
PI437334,4.3,8
PI437341,4.3,8
PI437352,4.5,8
PI437368,4,8
PI437369,3.7,8
PI437370,3.3,8
PI437371,4.3,8
PI437421,3.7,8
PI437430,4.3,8
PI437454,3,8
PI437460,4,8
PI437470,3.3,8
PI437471,2.7,8
PI437472,3.7,8
PI437486,3.7,8
PI437487,3.7,8
PI437497,3,8
PI437498,3.3,8
PI437518,3,8
PI437519,3.3,8
PI437527,1.5,8
PI437530,3.7,8
PI437534,2,8
PI437539,3,8
PI437542,3.7,8
PI437554,4,8
PI437556,3.7,8
PI437564,3.7,8
PI437570,3,8
PI437576,4.3,8
PI437578,4,8
PI437582,4,8
PI437618,3,8
PI437627,4,8
PI437628,4,8
PI437639,3.3,8
PI437653,3.7,8
PI437658,3,8
PI437659,3.7,8
PI437662,3,8
PI437663,1.5,8
PI437666,3,8
PI437667,2.7,8
PI437677,3.7,8
PI437684,2.5,8
PI437686,4,8
PI437689,3.5,8
PI437694,3.3,8
PI437697,4.3,8
PI437698,3.3,8
PI437701,4.3,8
PI437723,3,8
PI437724,4.3,8
PI437729,4.3,8
PI437730,3,8
PI437731,3,8
PI437737,4,8
PI437748,3.7,8
PI437750,4,8
PI437755,3.7,8
PI437758,3.7,8
PI437760,3.3,8
PI437775,4,8
PI437777,4,8
PI437778,3.5,8
PI437782,3.7,8
PI437784,3.3,8
PI437795,3.3,8
PI437819,3.7,8
PI437842,4.3,8
PI437850,3.7,8
PI437868,3,8
PI437869,3.3,8
PI437874,2.7,8
PI437881,3,8
PI437885,3.3,8
PI437921,2,8
PI437943,2.7,8
PI437944,3,8
PI437952,3,8
PI437969,4,8
PI437976,3.3,8
PI437978,3.3,8
PI437979,4.7,8
PI437980,3.7,8
PI437982,2.3,8
PI438001,3.7,8
PI438002,3.3,8
PI438041,4,8
PI438042,4,8
PI438044,4.3,8
PI438045,3.7,8
PI438054,3.7,8
PI438062,3.7,8
PI438066,4,8
PI438070,4,8
PI438073,2.3,8
PI438076,4,8
PI438077,3.7,8
PI438172,3,8
PI438182,4,8
PI438188,4,8
PI438189,3.3,8
PI438195,3.7,8
PI438197,3.7,8
PI438200,3.7,8
PI438206,3.7,8
PI438208,4,8
PI438218,3,8
PI438235,3.7,8
PI438251,3.7,8
PI438270,3.3,8
PI438276,3.7,8
PI438292,3.3,8
PI438303,3.5,8
PI438306,3.3,8
PI438317,3.3,8
PI438322,3.5,8
PI438323,4,8
PI438337,3.3,8
PI438341,3,8
PI438343,3,8
PI438351,4,8
PI438364,3,8
PI438367,3.3,8
PI438371,2.5,8
PI438398,2.7,8
PI438413,3,8
PI438417,3,8
PI438426,2.7,8
PI438432,5,8
PI438433,3.7,8
PI438444,2,8
PI438450,4,8
PI438460,3,8
PI438461,3.7,8
PI438465,3.7,8
PI438470,3.7,8
PI438473,2.7,8
PI438477,4,8
PI438480,2.5,8
PI438482,1,8
PI438495,2.7,8
PI438505,3.5,8
PI438506,3.3,8
PI438508,3.3,8
PI442006,3,8
PI442011,3,8
PI442013,3,8
PI442023,2.7,8
PI442027,3.5,8
PI442037,4,8
PI442042,4,8
PI445815,3,8
PI445826,3,8
PI445831,4,8
PI445832,3.3,8
PI445836,3.7,8
PI445845,4.3,8
PI449457,4.3,8
PI458018,3.3,8
PI458073,3,8
PI458088,3.3,8
PI458096,3,8
PI458108,4,8
PI458114,3,8
PI458132,3.5,8
PI458136,3,8
PI458146,3,8
PI458148,3.3,8
PI458160,3.7,8
PI458192,3,8
PI458208,3,8
PI458218,3.3,8
PI458223,3,8
PI458256,3,8
PI458266,2.7,8
PI458273,2.7,8
PI458276,3.7,8
PI458289,3,8
PI458301,4,8
PI458529,2.5,8
PI462312,4,8
PI464883,4,8
PI464887,3.3,8
PI464897,3,8
PI464912,4,8
PI467321,3,8
PI467328,3.3,8
PI467329,3,8
PI468376,3.5,8
PI468377,4,8
PI468381,4,8
PI468965,3,8
PI468966,3.5,8
PI468967,3.5,8
PI468969,3.3,8
PI468972,2,8
PI470224,3,8
PI470930,5,8
PI471899,3,8
PI471901,3.2,8
PI471926,3.3,8
PI471931,3,8
PI471933,4.5,8
PI471934,3.5,8
PI471935,4,8
PI475814,3.7,8
PI475821,3.3,8
PI475826,3.3,8
PI476351,3.3,8
PI476880,3.5,8
PI476882,4,8
PI476887,3.4,8
PI476888,2.7,8
PI476889,3,8
PI476890,3,8
PI476891,3.5,8
PI476892,3.1,8
PI476895,3.3,8
PI476900,3.3,8
PI476904,3.1,8
PI476911,2.7,8
PI476914,3.7,8
PI476922,4,8
PI476927,3.2,8
PI476928,3,8
PI476930,2.7,8
PI476933,2.7,8
PI476936,3.6,8
PI476938,3.3,8
PI476939,3,8
PI476942,2.7,8
PI479712,3,8
PI479726,3,8
PI479735,2.3,8
PI479736,3,8
PI479737,4,8
PI479740,3,8
PI479742,3.7,8
PI479743,3,8
PI481686,3,8
PI481690,3,8
PI483251,3.5,8
PI483459,2.7,8
PI486328,3,8
PI486329,3.5,8
PI486330,3.3,8
PI486335,2.5,8
PI490768,3.3,8
PI494526,4,8
PI494851,3,8
PI495019,3.5,8
PI495020,3.5,8
PI497957,3,8
PI497960,2.8,8
PI497961,2.8,8
PI497962,3,8
PI497965,2.5,8
PI497966,3.5,8
PI497967,3,8
PI497969,2.7,8
PI499955,3.5,8
PI499957,3.7,8
PI500648,4,8
PI503334,2.5,8
PI504484,4,8
PI504486,3.7,8
PI504487,4,8
PI504493,3.3,8
PI504494,3.7,8
PI504498,3.3,8
PI504499,3,8
PI504501,3.3,8
PI504502,3.3,8
PI504503,3,8
PI504508,4,8
PI504510,3,8
PI506477,3.5,8
PI506482,3.7,8
PI506483,3,8
PI506484,3.4,8
PI506488,3,8
PI506489,3,8
PI506491,3,8
PI506493,3,8
PI506508,3,8
PI506511,3,8
PI506513,3,8
PI506514,3.5,8
PI506518,4,8
PI506523,3.5,8
PI506524,3.3,8
PI506525,3.7,8
PI506530,3,8
PI506532,4,8
PI506537,3,8
PI506548,3,8
PI506553,2.6,8
PI506557,3,8
PI506559,3,8
PI506564,3.2,8
PI506569,4.5,8
PI506570,3,8
PI506572,2.7,8
PI506573,3,8
PI506577,4,8
PI506578,2.5,8
PI506589,2,8
PI506594,4,8
PI506600,3,8
PI506604,3,8
PI506605,3.3,8
PI506609,3.3,8
PI506628,4,8
PI506635,3.3,8
PI506638,3.3,8
PI506649,3,8
PI506658,4,8
PI506663,3,8
PI506664,4.3,8
PI506675,3.5,8
PI506676,3,8
PI506677,3,8
PI506679,2.7,8
PI506688,3,8
PI506689,3.3,8
PI506695,3.5,8
PI506696,3.3,8
PI506698,4,8
PI506703,3.3,8
PI506717,2,8
PI506737,2,8
PI506747,3.7,8
PI506748,4,8
PI506760,2.3,8
PI506764,4.5,8
PI506785,3.5,8
PI506789,4,8
PI506793,3,8
PI506802,4,8
PI506803,3.3,8
PI506807,4,8
PI506808,3,8
PI506812,3.3,8
PI506824,3,8
PI506828,2.7,8
PI506836,3,8
PI506837,3.7,8
PI506841,4,8
PI506847,3.3,8
PI506849,4,8
PI506850,4,8
PI506853,3,8
PI506859,3,8
PI506863,2,8
PI506865,3,8
PI506869,4,8
PI506880,3,8
PI506894,4,8
PI506896,3.7,8
PI506902,4,8
PI506920,3.3,8
PI506923,3,8
PI506924,3.5,8
PI506925,3,8
PI506938,3,8
PI506939,2.7,8
PI506943,3.3,8
PI506947,3,8
PI506962,3,8
PI506965,3.7,8
PI506969,3.3,8
PI506988,3,8
PI506990,3.3,8
PI506996,3,8
PI507000,3,8
PI507002,3,8
PI507003,4,8
PI507005,3,8
PI507007,4,8
PI507009,2,8
PI507013,3.5,8
PI507021,2.3,8
PI507024,3.3,8
PI507032,4,8
PI507038,4,8
PI507040,3,8
PI507041,3,8
PI507061,4,8
PI507064,3,8
PI507069,3.5,8
PI507075,3.3,8
PI507079,3,8
PI507092,4,8
PI507098,3.5,8
PI507106,3,8
PI507113,2,8
PI507114,3,8
PI507142,2.5,8
PI507166,3.5,8
PI507193,3.3,8
PI507195,3,8
PI507232,3.3,8
PI507237,3,8
PI507238,3,8
PI507240,3,8
PI507247,3.5,8
PI507249,3.3,8
PI507254,3.2,8
PI507259,4,8
PI507263,3,8
PI507266,4,8
PI507273,3,8
PI507275,3,8
PI507276,3.5,8
PI507279,3,8
PI507282,2.7,8
PI507298,2.7,8
PI507305,2.4,8
PI507318,3,8
PI507325,3.3,8
PI507334,3,8
PI507337,3.2,8
PI507341,3.3,8
PI507354,2.7,8
PI507364,3.7,8
PI507368,3,8
PI507371,3.5,8
PI507386,3.7,8
PI507400,2.7,8
PI507414,2,8
PI507421,3,8
PI507424,3.5,8
PI507448,3,8
PI507449,3.7,8
PI507461,3,8
PI507472,3,8
PI507473,2.7,8
PI507478,4,8
PI507479,3,8
PI507483,3,8
PI507491,3.3,8
PI507492,3,8
PI507493,3.3,8
PI507498,3.8,8
PI507501,4.3,8
PI507506,4,8
PI507518,2,8
PI507522,3.5,8
PI507530,4,8
PI507535,2.7,8
PI507536,3,8
PI507541,3.7,8
PI507543,4,8
PI507546,2.7,8
PI507547,2.7,8
PI507563,4,8
PI507564,2.7,8
PI507565,3.3,8
PI507566,3,8
PI507567,3.3,8
PI507573,4.3,8
PI507671,3,8
PI507672,3.7,8
PI507676,3,8
PI507678,3,8
PI507683,3.3,8
PI507688,2.7,8
PI507689,3.7,8
PI507691,4.3,8
PI507693,3,8
PI507698,4.3,8
PI507703,3,8
PI507705,3.3,8
PI507708,3,8
PI507709,3,8
PI507714,3.7,8
PI507716,3,8
PI507717,3,8
PI508269,2,8
PI508294,3.3,8
PI509080,3,8
PI509083,3,8
PI509085,2.7,8
PI509086,3.3,8
PI509089,2.5,8
PI509095,3,8
PI509100,3,8
PI509102,3.3,8
PI509107,3,8
PI509112,3.3,8
PI511867,3,8
PI512324,3,8
PI513382,3,8
PI518283,3,8
PI518285,3.3,8
PI518286,3.3,8
PI518287,4,8
PI518297,4,8
PI518671,4,8
PI518674,4.3,8
PI518712,4,8
PI518716,3,8
PI518722,3.7,8
PI518726,4,8
PI518729,3.3,8
PI518751,3,8
PI518753,4.5,8
PI518754,3.3,8
PI518756,3.3,8
PI518757,3,8
PI518758,2,8
PI518759,1,8
PI518829,3.7,8
PI518830,3,8
PI522189,4,8
PI522190,2.7,8
PI522191,3,8
PI532437,3.7,8
PI532445,3.7,8
PI532446,4,8
PI532454,3.3,8
PI532457,3.7,8
PI532458,3,8
PI532464,2.7,8
PI532465,3,8
PI532469,4,8
PI532471,3.5,8
PI532472,3,8
PI535807,2.8,8
PI538375,3,8
PI538376,3.7,8
PI538377,2.7,8
PI538381,4,8
PI538383,3.7,8
PI538387,3.3,8
PI538391,3.3,8
PI538392,4,8
PI538404,4,8
PI538409,3.7,8
PI540556,3.3,8
PI540740,4.3,8
PI547875,3.5,8
PI547878,2,8
PI548178,3,8
PI548298,5,8
PI548301,3,8
PI548325,2,8
PI548336,3,8
PI548360,4,8
PI548362,3.5,8
PI548379,5,8
PI548402,5,8
PI548414,3.3,8
PI548443,3,8
PI548463,3.2,8
PI548484,3,8
PI548488,4.3,8
PI548489,4,8
PI548493,3.5,8
PI548494,4,8
PI548502,2.7,8
PI548528,2.7,8
PI548561,5,8
PI548582,4,8
PI548594,3,8
PI548595,4.3,8
PI548625,4,8
PI548626,3,8
PI548654,4,8
PI548657,4,8
PI548658,3.8,8
PI548660,3.8,8
PI548667,3.5,8
PI549017,2.5,8
PI549018,2.8,8
PI549019,2.7,8
PI549020,2.8,8
PI549024,3,8
PI549025,3.8,8
PI549031,3.3,8
PI549050,3,8
PI549058,2.5,8
PI549060,2.5,8
PI549064,4,8
PI549069,4,8
PI549070,3.3,8
PI549077,2.6,8
PI553045,4.2,8
PI556948,3,8
PI556950,3,8
PI559932,4,8
PI561227,3,8
PI561228,3,8
PI561229,3.5,8
PI561230,3,8
PI561231,3,8
PI561234,3,8
PI561236,4,8
PI561237,3.5,8
PI561238,3.5,8
PI561239,3.5,8
PI561240,3,8
PI561241,3,8
PI561242,3,8
PI561271,3,8
PI561272,3,8
PI561273,3.5,8
PI561274,3,8
PI561275,3.5,8
PI561276,3,8
PI561277,3,8
PI561279,3.3,8
PI561284,4,8
PI561288,3.4,8
PI561289,2,8
PI561291,2.8,8
PI561297,3,8
PI561305,3.7,8
PI561308,3,8
PI561310,3.7,8
PI561321,3,8
PI561322,3.3,8
PI561323,3,8
PI561328,3,8
PI561329,2.5,8
PI561331,3.3,8
PI561332,4.5,8
PI561334,3.7,8
PI561335,3.3,8
PI561336,3.7,8
PI561337,2,8
PI561343,4,8
PI561345,4.5,8
PI561346,3,8
PI561347,3.3,8
PI561369,3.7,8
PI561371,4,8
PI561377,2.3,8
PI561378,3,8
PI561381,2.8,8
PI561382,4,8
PI561391,3,8
PI562373,3,8
PI562374,4,8
PI566957,3.5,8
PI566958,3,8
PI566975,4,8
PI566976,3,8
PI566978,2.5,8
PI566984,3,8
PI567004,3,8
PI567024,3.3,8
PI567034,3,8
PI567059,2.6,8
PI567062,3,8
PI567148,3.3,8
PI567153,3.3,8
PI567154,3,8
PI567163,3,8
PI567166,3,8
PI567173,3,8
PI567182,4,8
PI567190,3.3,8
PI567197,3,8
PI567198,3,8
PI567204,3,8
PI567205,3.3,8
PI567206,2.7,8
PI567219,3,8
PI567230,2.7,8
PI567233,2.6,8
PI567236,3.2,8
PI567237,3.3,8
PI567238,3,8
PI567239,3.5,8
PI567240,3.7,8
PI567244,3.7,8
PI567246,3.2,8
PI567259,3.3,8
PI567260,3,8
PI567268,4,8
PI567275,3,8
PI567278,3,8
PI567283,3.3,8
PI567284,3.3,8
PI567286,3.7,8
PI567287,3.5,8
PI567292,3,8
PI567293,3.3,8
PI567297,3,8
PI567304,3.7,8
PI567307,3,8
PI567309,3,8
PI567313,3.3,8
PI567314,3,8
PI567317,3,8
PI567320,3,8
PI567324,4,8
PI567327,3.7,8
PI567329,3,8
PI567330,3.3,8
PI567331,2.7,8
PI567334,3.5,8
PI567337,2.7,8
PI567338,4,8
PI567339,3,8
PI567340,3.3,8
PI567341,2.7,8
PI567342,3,8
PI567361,4,8
PI567364,3,8
PI567365,2.7,8
PI567367,2.7,8
PI567368,3,8
PI567374,2.5,8
PI567378,3,8
PI567385,3.7,8
PI567387,2.7,8
PI567388,2.7,8
PI567390,2.7,8
PI567391,3,8
PI567392,3.3,8
PI567393,3.3,8
PI567395,3,8
PI567397,2.5,8
PI567398,3,8
PI567399,3,8
PI567400,3.5,8
PI567401,3.3,8
PI567402,3,8
PI567405,3,8
PI567408,4,8
PI567411,2.7,8
PI567414,3.3,8
PI567422,3.3,8
PI567426,3,8
PI567430,3,8
PI567434,3,8
PI567437,3,8
PI567439,3,8
PI567440,3,8
PI567444,3.3,8
PI567446,3,8
PI567450,3.3,8
PI567451,3.3,8
PI567452,3,8
PI567453,3,8
PI567454,3,8
PI567455,3,8
PI567457,2,8
PI567460,3,8
PI567461,2.7,8
PI567463,3,8
PI567464,3,8
PI567465,3.3,8
PI567470,2,8
PI567471,3,8
PI567472,2.3,8
PI567474,2.3,8
PI567475,3.3,8
PI567476,2.7,8
PI567479,3,8
PI567481,2.5,8
PI567487,3.5,8
PI567490,3,8
PI567492,3.3,8
PI567494,3,8
PI567497,5,8
PI567498,4,8
PI567499,4,8
PI567501,3,8
PI567502,2.3,8
PI567503,3,8
PI567504,4.3,8
PI567505,4.5,8
PI567506,3,8
PI567515,3.3,8
PI567517,4,8
PI567518,3.3,8
PI567521,3,8
PI567525,3,8
PI567526,3.7,8
PI567527,3.7,8
PI567534,2.7,8
PI567539,3.3,8
PI567544,3,8
PI567545,2.7,8
PI567547,3.7,8
PI567548,3.3,8
PI567550,3,8
PI567552,3,8
PI567553,2.8,8
PI567556,2.7,8
PI567558,4,8
PI567560,2.5,8
PI567561,2.5,8
PI567565,1.3,8
PI567566,3.3,8
PI567571,3,8
PI567576,3.5,8
PI567581,3.3,8
PI567584,3,8
PI567589,3.3,8
PI567592,4,8
PI567596,4,8
PI567605,3,8
PI567606,3,8
PI567608,3.5,8
PI567615,3.3,8
PI567616,3.5,8
PI567623,3,8
PI567624,3.3,8
PI567625,3.5,8
PI567634,5,8
PI567635,3,8
PI567636,3.3,8
PI567637,3,8
PI567649,3,8
PI567653,4,8
PI567654,3,8
PI567657,3,8
PI567659,3,8
PI567665,4,8
PI567668,4,8
PI567669,4,8
PI567670,3.5,8
PI567675,2.3,8
PI567678,3,8
PI567680,3,8
PI567690,3.7,8
PI567692,2,8
PI567695,4.3,8
PI567703,3.7,8
PI567704,4.5,8
PI567708,3.3,8
PI567714,3,8
PI567718,2,8
PI567721,3,8
PI567724,3.5,8
PI567725,3.5,8
PI567728,3.3,8
PI567737,4,8
PI567741,3.5,8
PI567746,3,8
PI567756,3.5,8
PI567758,2.7,8
PI567759,3.3,8
PI567761,3.3,8
PI574481,3,8
PI574485,4,8
PI574486,3,8
PI578309,3,8
PI578312,3.7,8
PI578317,4.3,8
PI578321,3.3,8
PI578326,3.7,8
PI578330,3.3,8
PI578334,4,8
PI578360,3.7,8
PI578362,4.3,8
PI578364,3.7,8
PI578365,4.5,8
PI578366,4,8
PI578368,4,8
PI578370,4,8
PI578373,4,8
PI578374,3,8
PI578377,3,8
PI578378,3.3,8
PI578394,4.7,8
PI578402,3,8
PI578412,4.3,8
PI578424,4,8
PI578443,3.3,8
PI578448,4,8
PI578451,3,8
PI578459,3.3,8
PI578461,2.8,8
PI578472,4,8
PI578486,3.7,8
PI587581,3.7,8
PI587582,3.7,8
PI587584,3.7,8
PI587602,2.7,8
PI587610,4,8
PI587613,3.3,8
PI587615,3.3,8
PI587616,2.7,8
PI587617,3,8
PI587624,3.3,8
PI587629,2.7,8
PI587635,4,8
PI587640,3.5,8
PI587656,3.3,8
PI587667,4.5,8
PI587685,3.7,8
PI587696,3.7,8
PI587710,4,8
PI587718,3,8
PI587722,3.7,8
PI587738,3.3,8
PI587740,3.3,8
PI587743,3.3,8
PI587748,3,8
PI587750,3.3,8
PI587752,3.7,8
PI587754,3.3,8
PI587758,3.3,8
PI587759,3,8
PI587760,4,8
PI587761,3.3,8
PI587762,3.3,8
PI587763,4.5,8
PI587766,3.3,8
PI587768,3.3,8
PI587769,3.3,8
PI587770,3.7,8
PI587775,3.7,8
PI587776,3,8
PI587778,3.3,8
PI587783,3.3,8
PI587784,3,8
PI587785,4,8
PI587786,3.5,8
PI587789,3.7,8
PI587791,3.3,8
PI587792,4.3,8
PI587793,4.3,8
PI587794,2.7,8
PI587797,3,8
PI587798,3.5,8
PI587801,4,8
PI587803,3.3,8
PI587810,4,8
PI587816,4,8
PI587818,3,8
PI587823,3.3,8
PI587826,4,8
PI587828,3,8
PI587829,3.3,8
PI587831,2.7,8
PI587833,3.3,8
PI587834,3,8
PI587835,3,8
PI587837,3.7,8
PI587838,4,8
PI587840,3.7,8
PI587847,3,8
PI587852,3.7,8
PI587855,3.3,8
PI587857,4,8
PI587865,3,8
PI587867,3.7,8
PI587868,3,8
PI587870,4,8
PI587871,3.3,8
PI587872,3.7,8
PI587873,3.5,8
PI587885,2.7,8
PI587886,3.3,8
PI587901,3.7,8
PI587905,2.7,8
PI587974,3.3,8
PI587975,2.7,8
PI587981,4,8
PI588002,3.7,8
PI588016,3.3,8
PI588020,3.3,8
PI588025,3.3,8
PI588028,3.7,8
PI588029,3.7,8
PI592906,3.5,8
PI592914,3.7,8
PI592923,2.8,8
PI592928,5,8
PI592933,4,8
PI592935,3.5,8
PI592936,4.3,8
PI592937,3.9,8
PI592938,4,8
PI592942,3.5,8
PI592945,3,8
PI592946,3,8
PI592947,3.7,8
PI592948,3,8
PI592952,3.7,8
PI592953,3.5,8
PI592957,3,8
PI592969,3,8
PI592976,3,8
PI592980,3,8
PI593942,2.7,8
PI593943,4,8
PI593951,2.7,8
PI593953,2.7,8
PI593957,3.3,8
PI593959,4,8
PI593961,4.7,8
PI593962,3.7,8
PI593967,3.7,8
PI593975,3.5,8
PI593982,3.5,8
PI594013,3,8
PI594149,3,8
PI594166,4.5,8
PI594250,1.5,8
PI594283,3.5,8
PI594289,5,8
PI594295,3.8,8
PI594296,4,8
PI594305,3,8
PI594307,4,8
PI594416,3.3,8
PI594438,3.3,8
PI594440,4,8
PI594445,3,8
PI594446,3.3,8
PI594449,3,8
PI594450,3.5,8
PI594451,3.3,8
PI594452,3,8
PI594453,3,8
PI594459,3.3,8
PI594468,3.3,8
PI594476,3.7,8
PI594481,4,8
PI594485,3,8
PI594490,3.3,8
PI594491,3,8
PI594503,3,8
PI594513,3,8
PI594536,4,8
PI594561,3,8
PI594564,3.3,8
PI594599,3,8
PI594615,4,8
PI594616,3,8
PI594633,3.7,8
PI594639,3.7,8
PI594654,3,8
PI594657,3.3,8
PI594658,3.3,8
PI594661,3.7,8
PI594663,3,8
PI594664,3,8
PI594667,3.7,8
PI594668,3,8
PI594679,3,8
PI594689,3.5,8
PI594707,4,8
PI594736,2.7,8
PI594756,3.7,8
PI594761,2.7,8
PI594779,3.5,8
PI594780,4,8
PI594781,3,8
PI594796,3,8
PI594814,3.7,8
PI594818,3,8
PI594819,3.3,8
PI594825,3.3,8
PI594831,3,8
PI594844,3,8
PI594846,2.7,8
PI594856,3,8
PI594857,3.3,8
PI594877,3,8
PI594878,4,8
PI594884,3.5,8
PI594886,4,8
PI594888,3,8
PI594889,3.3,8
PI594890,3.3,8
PI594904,3.7,8
PI597386,3.6,8
PI597387,3.3,8
PI597393,3.3,8
PI597395,3.3,8
PI597409,4,8
PI597417,3,8
PI597429,3.5,8
PI597432,3.7,8
PI597439,3.7,8
PI597464,4,8
PI598124,3.6,8
PI599509,3.7,8
PI602491,3.7,8
PI603150,3.3,8
PI603155,3.3,8
PI603157,3,8
PI603168,3.3,8
PI603172,4,8
PI603290,4,8
PI603291,3.7,8
PI603294,3.2,8
PI603296,2.5,8
PI603297,3.7,8
PI603299,2.7,8
PI603311,4,8
PI603317,3.7,8
PI603318,3.3,8
PI603320,3.7,8
PI603321,4.3,8
PI603323,3.7,8
PI603328,2.7,8
PI603329,3.3,8
PI603333,3,8
PI603334,3,8
PI603341,3.7,8
PI603344,3.3,8
PI603347,2.5,8
PI603349,4,8
PI603351,4.3,8
PI603354,3.2,8
PI603356,3.7,8
PI603365,3.3,8
PI603371,3.5,8
PI603372,3.3,8
PI603380,4,8
PI603384,3.7,8
PI603388,3.7,8
PI603392,2.5,8
PI603402,4,8
PI603404,4,8
PI603406,3,8
PI603409,5,8
PI603416,3.7,8
PI603417,3.3,8
PI603441,2.7,8
PI603442,3.5,8
PI603459,4,8
PI603461,3.3,8
PI603462,3.7,8
PI603463,3.7,8
PI603467,3.3,8
PI603474,3,8
PI603475,4,8
PI603476,3.7,8
PI603478,3.3,8
PI603479,3.3,8
PI603480,3.3,8
PI603481,3.3,8
PI603482,3.8,8
PI603483,3.7,8
PI603484,3.7,8
PI603485,4.3,8
PI603488,2.7,8
PI603490,3.3,8
PI603491,3.3,8
PI603493,3,8
PI603494,3.5,8
PI603497,3,8
PI603501,4,8
PI603503,3.3,8
PI603505,3.7,8
PI603515,4,8
PI603516,3,8
PI603521,3.3,8
PI603525,3.7,8
PI603529,4,8
PI603560,4.3,8
PI603575,4,8
PI603582,3.3,8
PI603584,2.5,8
PI603588,3,8
PI603589,3.2,8
PI603592,3.3,8
PI603593,3.3,8
PI603594,3.7,8
PI603596,3.5,8
PI603597,3,8
PI603600,3.7,8
PI603612,2.3,8
PI603634,4.7,8
PI603654,3.5,8
PI603663,3.3,8
PI603669,3,8
PI603670,3,8
PI603676,3.3,8
PI603679,4,8
PI603686,4,8
PI603689,3,8
PI603692,3,8
PI603712,3,8
PI603715,3.7,8
PI603722,3.5,8
PI603725,3.3,8
PI603726,4,8
PI603727,2.7,8
PI603736,3.7,8
PI603739,3.7,8
PI603746,3.7,8
PI603747,3,8
PI603748,3,8
PI603749,4.7,8
PI603760,3.2,8
PI603914,4,8
PI603916,3.7,8
PI605757,3.7,8
PI605761,3.3,8
PI605763,3,8
PI605772,3.7,8
PI605773,3,8
PI605774,3.7,8
PI605783,3.1,8
PI605785,4,8
PI605808,3.3,8
PI605812,3.7,8
PI605813,3.3,8
PI605829,3.3,8
PI605835,3,8
PI605836,3.7,8
PI605838,3.4,8
PI605860,3.3,8
PI605864,3.3,8
PI605866,3.8,8
PI605868,3.7,8
PI605872,3.5,8
PI605873,3.7,8
PI605875,3.4,8
PI605879,3.7,8
PI605880,3,8
PI605888,3.3,8
PI605889,3.5,8
PI605901,3,8
PI606362,3,8
PI606370,3.5,8
PI606372,3,8
PI606375,3.7,8
PI606376,3.5,8
PI606377,3.5,8
PI606387,4,8
PI606403,3.5,8
PI606408,3.7,8
PI606410,4,8
PI606412,3.7,8
PI606420,3.4,8
PI606426,3.3,8
PI606748,3.7,8
PI606749,3.8,8
PI612613,2,8
PI612615,4,8
PI612616,4,8
PI612705,3,8
PI612710,3.7,8
PI612716,3.3,8
PI612717,4,8
PI612723,4,8
PI612724,4,8
PI612725,3.5,8
PI612727,4,8
PI612731,4.3,8
PI612736,3.3,8
PI612737,3.3,8
PI612741,3.5,8
PI612742,2.7,8
PI612743,3.5,8
PI612745,3,8
PI612747,3.7,8
PI612748,3.5,8
PI612749,3.5,8
PI612750,2.5,8
PI612751,3,8
PI612752,3.5,8
PI612757,2.7,8
PI612760,3.3,8
FC004007A,3.7,9
PI081029N,3,9
PI086109B,4,9
PI089154S,4,9
PI091159S,2,9
PI103419A,3,9
PI123577A,3,9
PI159923A,3.5,9
PI205901A,3.5,9
PI205901B,2.5,9
PI240667A,1,9
PI253652A,3.7,9
PI261272A,3,9
PI261272B,4,9
PI261272C,4,9
PI261272D,3,9
PI266806A,3.3,9
PI266806B,4.3,9
PI266807C,3.3,9
PI266807D,3.3,9
PI273483A,3.7,9
PI273483E,4,9
PI281890A,3.3,9
PI281901A,3,9
PI281913A,3.3,9
PI281913B,3,9
PI290123A,3.3,9
PI291309B,4.7,9
PI291309C,2,9
PI291310B,3.3,9
PI291319A,4,9
PI306704A,3.5,9
PI307838A,4.5,9
PI307870A,4,9
PI307882B,3,9
PI307882D,3.5,9
PI307884B,3.3,9
PI307891B,4,9
PI307899A,3,9
PI317334A,3,9
PI319534A,4.3,9
PI319535A,3,9
PI339865B,4,9
PI340021A,4.3,9
PI340900A,3,9
PI347540C,2.7,9
PI347550A,3,9
PI347550B,2.7,9
PI347552A,3.7,9
PI347552B,3.7,9
PI347552C,3.3,9
PI347563B,3.3,9
PI347565B,4.7,9
PI355069S,2,9
PI358315A,3,9
PI358315C,3,9
PI358316A,3,9
PI358316C,4,9
PI358317B,4,9
PI358318A,3.3,9
PI358318B,4,9
PI358321A,3.7,9
PI360955B,5,9
PI361071B,3.5,9
PI361085A,3.7,9
PI361085B,3.3,9
PI361088A,3.7,9
PI361112B,4.3,9
PI370057B,3,9
PI372403A,2.7,9
PI372403B,3.3,9
PI372404C,3.7,9
PI372415B,4.3,9
PI372416B,4,9
PI374188A,3.5,9
PI374192A,4,9
PI374200B,2.7,9
PI378670B,4,9
PI378674B,3.3,9
PI378675A,4,9
PI378680E,3.7,9
PI378682B,2.5,9
PI393541A,4.3,9
PI404155B,4,9
PI404173A,4.7,9
PI407386D,3,9
PI407725B,3,9
PI407773A,4.3,9
PI407778C,3.3,9
PI407781A,3.3,9
PI407788B,4.3,9
PI407788C,3,9
PI407805D,3.7,9
PI407833C,2,9
PI407845A,2.5,9
PI407861C,3,9
PI407868C,4,9
PI407875A,4,9
PI407903B,3.7,9
PI407981B,3,9
PI407986A,3.3,9
PI407986B,3.3,9
PI407988B,3.7,9
PI407998B,3.3,9
PI407998C,3,9
PI408032A,3.7,9
PI408068C,2,9
PI408074B,4,9
PI408079B,4,9
PI408083B,4,9
PI408084A,3.5,9
PI408084C,3.7,9
PI408092A,3.3,9
PI408092B,4.3,9
PI408100A,3,9
PI408124B,3,9
PI408131B,3.3,9
PI408134B,2,9
PI408138A,3.7,9
PI408166C,4,9
PI408167A,3.7,9
PI408167B,3.3,9
PI408169C,3.3,9
PI408184B,3,9
PI408186C,3,9
PI408203A,2,9
PI408209B,3.3,9
PI408209C,2,9
PI408225A,5,9
PI408234B,2,9
PI408262B,3.7,9
PI408265C,3.7,9
PI408270C,4.7,9
PI408272A,3.3,9
PI408272B,2,9
PI408285A,3,9
PI408285C,3.7,9
PI408294B,4,9
PI408307B,3,9
PI408308B,2.5,9
PI408319A,3,9
PI416819A,3.3,9
PI416825B,3.5,9
PI416825C,3.5,9
PI416826A,3,9
PI416826B,3.3,9
PI416873B,4,9
PI416873C,3,9
PI417040A,3.7,9
PI417089A,2.4,9
PI417089B,3.5,9
PI417196B,4,9
PI417365A,3,9
PI417389A,2.7,9
PI417414A,3,9
PI423728A,2,9
PI423730B,2.3,9
PI423736A,3.7,9
PI423747A,4.3,9
PI423748A,3,9
PI423756B,4,9
PI423769A,3.7,9
PI423781A,3,9
PI423781B,3,9
PI423796B,3.7,9
PI423826A,3,9
PI423827B,3,9
PI423830B,4.7,9
PI423837B,3.7,9
PI423882A,3.7,9
PI423882B,4,9
PI423890A,4.3,9
PI423890B,5,9
PI423930A,3.7,9
PI423930B,3,9
PI423948A,4,9
PI424137A,3.3,9
PI424155B,4,9
PI424156B,3,9
PI424156C,4,9
PI424159C,2.7,9
PI424182A,4,9
PI424195A,3.5,9
PI424219A,3.3,9
PI424232B,5,9
PI424234B,3.3,9
PI424249A,4,9
PI424255A,3.7,9
PI424277B,4,9
PI424294B,2.3,9
PI424296C,4,9
PI424299A,1.3,9
PI424300B,3.7,9
PI424340A,3,9
PI424342B,3,9
PI424348B,3.7,9
PI424368B,3.3,9
PI424370A,3.7,9
PI424370B,3,9
PI424386B,2,9
PI424402A,4,9
PI424402B,4,9
PI424406B,4.3,9
PI424444A,4,9
PI424472B,3.7,9
PI424484A,3.3,9
PI424487B,3.7,9
PI424488A,3,9
PI424491A,3.5,9
PI424499A,4.3,9
PI424499C,4,9
PI424504A,3.7,9
PI424549B,4,9
PI424558A,4,9
PI424569A,3.7,9
PI424569B,3.7,9
PI427088A,3,9
PI430598A,2.7,9
PI434973A,2.5,9
PI437078A,4.3,9
PI437081B,4,9
PI437105A,3.3,9
PI437105B,3.7,9
PI437109A,4.3,9
PI437109B,3.3,9
PI437109C,4,9
PI437110A,2.3,9
PI437126B,3.3,9
PI437126C,3.3,9
PI437156B,4,9
PI437166A,3,9
PI437167A,4.3,9
PI437168C,3.7,9
PI437169B,3.5,9
PI437211B,2.7,9
PI437223A,4,9
PI437260A,3.7,9
PI437261B,4.3,9
PI437265A,3,9
PI437311B,4,9
PI437420B,2.7,9
PI437420C,4,9
PI437432B,3,9
PI437437A,1.5,9
PI437462A,3.7,9
PI437462B,3,9
PI437462C,2.7,9
PI437463A,4,9
PI437469B,4,9
PI437474A,4,9
PI437500B,2.7,9
PI437515B,3.3,9
PI437520B,2.5,9
PI437609A,3.7,9
PI437609B,3.3,9
PI437615B,3.7,9
PI437630B,3,9
PI437630D,4,9
PI437649B,4,9
PI437651B,4,9
PI437661B,2.7,9
PI437676B,3,9
PI437678A,4.3,9
PI437678B,4.3,9
PI437695A,3.3,9
PI437695B,3.7,9
PI437711A,3.3,9
PI437716A,3.7,9
PI437721B,3,9
PI437740B,2.3,9
PI437752C,4,9
PI437772B,3.3,9
PI437845A,3.7,9
PI437845B,3.3,9
PI437845C,3,9
PI437847A,3,9
PI437847B,3.7,9
PI437867B,2.7,9
PI437878B,2.7,9
PI437887A,3.7,9
PI437890B,3,9
PI437895A,3.3,9
PI437902B,3.7,9
PI437902D,4.3,9
PI437910A,3.3,9
PI437974B,3.3,9
PI438050A,4.3,9
PI438055A,3.7,9
PI438069B,3.3,9
PI438112B,3.7,9
PI438160A,3,9
PI438160C,3.3,9
PI438207B,3.3,9
PI438230A,2.8,9
PI438233B,4,9
PI438254A,3,9
PI438256A,3.3,9
PI438256B,4,9
PI438259B,3.7,9
PI438266A,5,9
PI438334A,4,9
PI438509A,3.3,9
PI442003A,3,9
PI442007B,4,9
PI442009A,3,9
PI442012A,3.7,9
PI442012B,3.5,9
PI445829A,3,9
PI449456A,3.5,9
PI449456B,4,9
PI449458A,4.3,9
PI449458B,4,9
PI458024B,3,9
PI458123B,4.5,9
PI458246A,3.3,9
PI458278A,3,9
PI458278B,5,9
PI458307A,3,9
PI458307B,4,9
PI458532B,3.7,9
PI459025B,3.2,9
PI464888B,4,9
PI464920A,4,9
PI464920B,3,9
PI467322B,4.3,9
PI467323A,2.7,9
PI470227A,3,9
PI470227B,4,9
PI471929B,4,9
PI475813A,3,9
PI475824A,3,9
PI476350B,4,9
PI476350C,4,9
PI479718A,3.7,9
PI479724A,3,9
PI479724B,3,9
PI495017A,3,9
PI495017B,3,9
PI495017C,4,9
PI504483A,3,9
PI506595A,3.3,9
PI506711B,4,9
PI506801B,4,9
PI506864A,4.3,9
PI506864B,3.3,9
PI507189A,3.7,9
PI507293A,3,9
PI507294A,3.3,9
PI507406A,4.5,9
PI507406B,3.3,9
PI507442A,3.5,9
PI507685A,3.3,9
PI507696C,4,9
PI507704B,3,9
PI507715A,3,9
PI508296A,3.7,9
PI508296H,2.5,9
PI509110A,4,9
PI512322A,4,9
PI512322C,4,9
PI512322D,4.7,9
PI518291A,3.3,9
PI518291C,4.3,9
PI518718A,3.7,9
PI522192A,3,9
PI532436B,3.3,9
PI532441B,3.5,9
PI532462A,3.5,9
PI532462B,4,9
PI532463A,3.3,9
PI536547A,3.7,9
PI538385A,3,9
PI538386B,3.5,9
PI538401A,2.7,9
PI054608-4,3.7,10
PI054608-5,4,10
PI054615-1,4,10
PI549021A,3,9
PI549030A,3,9
PI549030B,3.3,9
PI549041A,3,9
PI549041B,3,9
PI549042A,3,9
PI549042B,4,9
PI549045A,3,9
PI549049B,3.3,9
PI549051A,3,9
PI549057B,3.7,9
PI549076A,4,9
PI561278B,3,9
PI561282A,2.5,9
PI561282D,3.5,9
PI561282E,4,9
PI561285A,3.3,9
PI561287A,2,9
PI561287B,3,9
PI561292A,4.3,9
PI561296C,3.5,9
PI561300B,4,9
PI561302A,3.3,9
PI561302C,3.5,9
PI561304A,3,9
PI561311A,5,9
PI561314B,3,9
PI561327C,4,9
PI561330A,2,9
PI561330B,2.5,9
PI561338B,4,9
PI561350B,3.5,9
PI561379A,3.3,9
PI561379B,4,9
PI561389A,3.7,9
PI561389B,2.7,9
PI566985A,2.5,9
PI566989A,2.7,9
PI566992A,3,9
PI566992B,5,9
PI567003A,2.8,9
PI567006A,4,9
PI567022A,3.5,9
PI567023A,3,9
PI567025A,3,9
PI567027A,2.8,9
PI567031A,3,9
PI567031B,3,9
PI567033A,3,9
PI567035A,3.3,9
PI567041A,3,9
PI567046A,3,9
PI567046C,3,9
PI567048A,3.2,9
PI567056A,3,9
PI567060A,3,9
PI567068A,3.3,9
PI567068B,3,9
PI567071B,4,9
PI567083A,3,9
PI567085B,2.5,9
PI567086A,4,9
PI567092B,3,9
PI567093B,2,9
PI567107A,2.8,9
PI567108B,2.5,9
PI567110A,3.3,9
PI567116A,3,9
PI567123A,2.7,9
PI567131B,3,9
PI567150A,2.8,9
PI567150B,2.7,9
PI567155A,3.3,9
PI567157B,4.5,9
PI567159A,4,9
PI567174C,2.3,9
PI567175C,2,9
PI567175D,4,9
PI567189A,3,9
PI567200A,3,9
PI567200B,3.7,9
PI567209A,3,9
PI567211B,3.7,9
PI567216B,4,9
PI567220B,3,9
PI567257A,3,9
PI567261A,3,9
PI567266A,3.3,9
PI567296C,3,9
PI567300A,2,9
PI567300B,3,9
PI567301A,3,9
PI567301B,3.7,9
PI567303A,3,9
PI567310A,3,9
PI567311A,3,9
PI567311B,3,9
PI567316A,3,9
PI567323A,3,9
PI567323B,3.2,9
PI567326A,5,9
PI567326B,4,9
PI567333A,4.7,9
PI567335B,2.7,9
PI567336A,3.5,9
PI567336B,3,9
PI567349A,3,9
PI567351B,3.8,9
PI567362A,3,9
PI567362B,3,9
PI567366A,4,9
PI567369A,3,9
PI567370A,3,9
PI567371A,4,9
PI567372A,3.3,9
PI567373A,3,9
PI567375A,3.5,9
PI567375B,4,9
PI567376A,2.7,9
PI567377A,4,9
PI567382B,2.8,9
PI567389A,3,9
PI567389B,3,9
PI567394A,3,9
PI567396A,2.3,9
PI567404A,2.5,9
PI567404E,4,9
PI567406A,3.3,9
PI567409A,2.3,9
PI567410A,3.3,9
PI567415A,3.5,9
PI567417A,3,9
PI567418C,2.7,9
PI567419A,3,9
PI567424A,3,9
PI567425B,3.5,9
PI567429B,4,9
PI567429C,3,9
PI567429E,4.5,9
PI567435A,3.3,9
PI567441C,3,9
PI567469A,4,9
PI567473A,2.7,9
PI567473C,2.5,9
PI567488C,2.7,9
PI567489A,2,9
PI567489B,2.7,9
PI567491B,2.7,9
PI567507A,3.3,9
PI567507B,2,9
PI567507C,4,9
PI567507D,4,9
PI567508A,3,9
PI567510A,4,9
PI567512A,3,9
PI567516A,3.3,9
PI567520A,3,9
PI567522A,3,9
PI567528A,3,9
PI567538B,3,9
PI567540A,3,9
PI567543C,3.3,9
PI567549A,3,9
PI567554A,2,9
PI567568A,3,9
PI567568B,3.7,9
PI567586B,3.7,9
PI567588B,3,9
PI567593A,3.3,9
PI567595B,3.3,9
PI567597A,3.3,9
PI567598B,3,9
PI567603A,3.7,9
PI567607A,3,9
PI567610A,4,9
PI567610B,3.5,9
PI567614B,3,9
PI567614D,3.5,9
PI567617A,3,9
PI567618A,3.5,9
PI567620B,3,9
PI567621A,3,9
PI567628A,3,9
PI567632B,3.5,9
PI567648A,2.7,9
PI567648B,3.5,9
PI567648C,3,9
PI567660A,2.7,9
PI567661A,3,9
PI567661B,3,9
PI567667A,3.3,9
PI567667B,4,9
PI567671B,3.7,9
PI567673A,3,9
PI567676A,5,9
PI567679B,4,9
PI567679C,2,9
PI567683A,2.7,9
PI567684B,3,9
PI567688A,4.3,9
PI567696B,4,9
PI567716A,3,9
PI567727A,3,9
PI567727B,3.7,9
PI567738A,3.3,9
PI567751A,3,9
PI567765A,3,9
PI567767A,3,9
PI567767C,3.5,9
PI567771B,3.3,9
PI567771E,3,9
PI567775B,3,9
PI567780A,2.3,9
PI567780B,3.7,9
PI574476A,4,9
PI574478B,3,9
PI574478C,4,9
PI574479A,2.5,9
PI574479B,3.5,9
PI574480A,2,9
PI578305B,2.5,9
PI578306B,2.7,9
PI578307A,3.3,9
PI578307B,3.3,9
PI578308A,3.3,9
PI578313A,2.5,9
PI578316C,2.7,9
PI578318D,4,9
PI578319A,3.3,9
PI578319C,3.7,9
PI578323A,2.5,9
PI578323B,3,9
PI578324B,3,9
PI578324E,3.7,9
PI578324H,4,9
PI578328B,4,9
PI578328C,3,9
PI578329B,4,9
PI578332C,3.7,9
PI578388A,4.7,9
PI578392A,3.7,9
PI578392B,3,9
PI578401D,4,9
PI578417A,4,9
PI578417B,3,9
PI578437A,3.7,9
PI578444B,3,9
PI578446B,3.3,9
PI578457A,2.7,9
PI578457B,3.3,9
PI578471A,4,9
PI578482A,4,9
PI578482C,3.3,9
PI587553A,4,9
PI587555A,3.7,9
PI587555B,3.7,9
PI587559B,3.7,9
PI587566A,3.7,9
PI587574B,3,9
PI587577F,4,9
PI587583A,4,9
PI587583B,4,9
PI587585A,3.5,9
PI587585B,4,9
PI587595C,3.5,9
PI587598A,2.5,9
PI587601C,4,9
PI587603D,4,9
PI587604B,3.5,9
PI587604D,3,9
PI587606E,3.6,9
PI587612A,3,9
PI587612B,4,9
PI587618A,3,9
PI587618B,4.5,9
PI587618C,4,9
PI587625A,3.7,9
PI587630A,3.5,9
PI587631B,3.7,9
PI587664B,3.7,9
PI587684A,4.5,9
PI587687A,3,9
PI587692A,3.7,9
PI587700A,3,9
PI587703B,3.7,9
PI587705B,3,9
PI587709B,4,9
PI587719A,3.3,9
PI587721C,4.3,9
PI587742C,4.3,9
PI587753B,4,9
PI587757B,3,9
PI587767A,3.5,9
PI587767B,2.7,9
PI587788A,3.7,9
PI587788B,3.5,9
PI587790B,4,9
PI587808A,3.7,9
PI587808B,3.3,9
PI587809B,2.7,9
PI587812A,4,9
PI587814A,3.3,9
PI587814B,3.7,9
PI587814C,2.5,9
PI587814F,3.3,9
PI587814G,3.7,9
PI587815A,3,9
PI587820B,3,9
PI587825A,4,9
PI587825B,4.3,9
PI587830A,3,9
PI587830B,3.3,9
PI587839A,3.3,9
PI587839B,3.5,9
PI587841B,3.7,9
PI587844A,3.3,9
PI587846A,3.7,9
PI587851A,4.3,9
PI587862D,3,9
PI587863B,3,9
PI587880A,2.7,9
PI587880B,3.3,9
PI587887A,3.3,9
PI587887B,3.5,9
PI587891A,3.3,9
PI587900A,3.7,9
PI587900B,4,9
PI587903A,4,9
PI587903B,3.7,9
PI587915C,5,9
PI587916D,3.3,9
PI587973B,3,9
PI587976A,3.3,9
PI587976B,3,9
PI587976D,3.7,9
PI587982A,3.3,9
PI587982B,3.3,9
PI587983A,4,9
PI587983B,4,9
PI587984B,3.3,9
PI587985A,4,9
PI587986A,3,9
PI587987A,3.5,9
PI587989B,3.3,9
PI587992A,3,9
PI587992B,4,9
PI587992F,3,9
PI587992G,3.5,9
PI587996B,3.3,9
PI587998A,3.7,9
PI587998B,4,9
PI587998C,3.3,9
PI587998D,3.5,9
PI587998E,3.5,9
PI587998F,3,9
PI587998H,4.3,9
PI587999B,4,9
PI588011E,3.3,9
PI588014A,3,9
PI588014C,3.7,9
PI588019B,3.7,9
PI588021A,3.5,9
PI588021B,3,9
PI588023B,3,9
PI588027B,3.5,9
PI588027D,3.3,9
PI588032A,3.3,9
PI588032B,3.7,9
PI588033C,3.3,9
PI592907A,2,9
PI592907D,3.7,9
PI592956C,3,9
PI592962B,2.3,9
PI593949B,3.7,9
PI593950A,4,9
PI593950B,3.3,9
PI593956A,3,9
PI593993A,3.3,9
PI594014A,3,9
PI594172A,2.7,9
PI594172C,3.3,9
PI594217C,4,9
PI594397A,3,9
PI594397B,4,9
PI594398B,3,9
PI594399A,4,9
PI594414B,3,9
PI594415B,4,9
PI594418C,3,9
PI594426A,3.3,9
PI594426B,4,9
PI594430B,3,9
PI594430E,3,9
PI594433C,3.7,9
PI594439A,3.7,9
PI594439B,4,9
PI594448A,3.3,9
PI594448B,3,9
PI594454A,3.3,9
PI594454B,3,9
PI594455A,3.7,9
PI594455B,3.3,9
PI594456A,3.3,9
PI594461B,3.3,9
PI594463A,3.3,9
PI594471B,3,9
PI594471D,3,9
PI594475B,4,9
PI594492B,3.3,9
PI594494A,3,9
PI594498A,3,9
PI594501B,2.7,9
PI594505B,3.3,9
PI594509A,3.3,9
PI594510A,4,9
PI594510B,3,9
PI594511B,3.7,9
PI594512C,4,9
PI594555B,4,9
PI594557B,3,9
PI594562A,3,9
PI594567A,3,9
PI594568A,4,9
PI594568B,4,9
PI594570A,3.3,9
PI594591A,3.3,9
PI594618A,3.5,9
PI594618B,3.3,9
PI594618C,3.3,9
PI594652B,3.3,9
PI594659A,3,9
PI594659C,3.7,9
PI594660A,3.5,9
PI594660D,3.3,9
PI594662A,4,9
PI594662B,4,9
PI594708B,3,9
PI594738A,3,9
PI594738B,3.3,9
PI594739A,2.7,9
PI594740A,3,9
PI594740B,3.3,9
PI594751A,3.3,9
PI594753C,3.3,9
PI594758A,3,9
PI594784A,3.3,9
PI594802C,3,9
PI594805A,3,9
PI594810B,4,9
PI594826A,3.3,9
PI594828B,3,9
PI594832B,3,9
PI594835A,3,9
PI594839A,3.3,9
PI594858A,3,9
PI594882A,2.8,9
PI597405D,3.3,9
PI597407B,4,9
PI597411A,3.5,9
PI597427B,3.5,9
PI597430A,3.3,9
PI597440B,3,9
PI597440C,3.5,9
PI597478A,3,9
PI597480A,2.3,9
PI602497B,2.7,9
PI603151A,3,9
PI603165A,2.5,9
PI603174A,2.7,9
PI603176A,3,9
PI603176B,3,9
PI603293A,4,9
PI603293B,2.3,9
PI603301B,4,9
PI603337A,3,9
PI603346B,3,9
PI603348B,2.7,9
PI603348C,4,9
PI603358A,2,9
PI603381A,3.7,9
PI603381C,3.7,9
PI603382A,4.3,9
PI603398B,4.3,9
PI603419A,2,9
PI603419B,2.8,9
PI603426B,3.3,9
PI603426C,3.7,9
PI603427B,3,9
PI603428C,4,9
PI603429B,3.3,9
PI603429D,2.5,9
PI603432A,4,9
PI603432B,4,9
PI603435A,3.3,9
PI603437C,3.7,9
PI603440A,4.3,9
PI603443A,3.3,9
PI603455B,3.5,9
PI603457B,4.3,9
PI603457C,3,9
PI603458A,3.5,9
PI603458B,4,9
PI603465B,2.3,9
PI603465C,4.7,9
PI603465D,5,9
PI603466A,4,9
PI603466B,4,9
PI603472A,3,9
PI603477B,4.5,9
PI603487B,3.7,9
PI603487C,3.3,9
PI603496B,3.3,9
PI603511A,4,9
PI603546A,3.7,9
PI603551A,3.3,9
PI603562B,3.7,9
PI603564A,2.3,9
PI603564B,3.3,9
PI603567A,3.3,9
PI603569A,3,9
PI603569B,3.7,9
PI603570A,3.3,9
PI603570C,4,9
PI603570D,3.4,9
PI603571B,2.7,9
PI603571C,4,9
PI603585B,3,9
PI603587B,3,9
PI603598A,3.3,9
PI603599A,3.5,9
PI603662B,3.7,9
PI603673G,3,9
PI603678A,4.5,9
PI603678B,4,9
PI603681A,3,9
PI603687B,2.7,9
PI603694B,3.3,9
PI603698A,4.3,9
PI603698B,3,9
PI603698E,3,9
PI603698G,3.5,9
PI603702B,3,9
PI603704A,2.5,9
PI603737A,3,9
PI603742A,3,9
PI603750A,4.3,9
PI603750B,4,9
PI603751A,3.5,9
PI603753A,3.8,9
PI603753B,3.7,9
PI603755A,3,9
PI603755B,3.7,9
PI603757A,3.7,9
PI603758A,3.7,9
PI603758C,2.7,9
PI603764B,3.7,9
PI603909C,3,9
PI603910B,4,9
PI603910C,3.6,9
PI603910D,4.3,9
PI603913D,2.7,9
PI603915D,3.5,9
PI603915E,3.3,9
PI605758A,4,9
PI605758D,3.3,9
PI605764B,3,9
PI605779A,3.7,9
PI605779E,3.5,9
PI605781A,3.2,9
PI605781B,3,9
PI605781C,3.2,9
PI605781D,3.7,9
PI605781E,3.3,9
PI605786A,3.5,9
PI605786B,3.5,9
PI605787A,3.7,9
PI605787B,3.3,9
PI605787C,3,9
PI605787D,4,9
PI605789A,3.3,9
PI605789C,3.3,9
PI605789D,3.7,9
PI605791A,3.7,9
PI605791B,3.3,9
PI605792B,3.7,9
PI605792D,3.7,9
PI605805A,3,9
PI605809A,3,9
PI605810A,3.7,9
PI605817A,3.3,9
PI605817C,3.3,9
PI605817D,3.7,9
PI605818B,3.8,9
PI605821A,3,9
PI605821B,3.5,9
PI605821C,3.7,9
PI605824A,3,9
PI605825C,3,9
PI605826C,3.4,9
PI605826D,3.5,9
PI605827B,3.5,9
PI605827C,3.7,9
PI605828A,3.2,9
PI605828B,4,9
PI605828C,4,9
PI605830A,2.9,9
PI605830B,3.5,9
PI605831A,3,9
PI605831B,3.5,9
PI605831C,3.7,9
PI605832A,3,9
PI605832B,3,9
PI605834A,3,9
PI605834B,3.2,9
PI605834C,3,9
PI605837B,4,9
PI605837C,3,9
PI605839A,3.3,9
PI605839B,3.3,9
PI605839C,3,9
PI605840A,3.5,9
PI605840B,3.3,9
PI605840C,3,9
PI605840D,3,9
PI605840E,3.7,9
PI605840F,3.3,9
PI605840G,3.3,9
PI605842C,3,9
PI605844E,3.3,9
PI605845C,3.3,9
PI605846E,3.7,9
PI605850A,3.3,9
PI605850B,3,9
PI605854A,3.3,9
PI605854B,2.7,9
PI605859A,3,9
PI605862A,3.7,9
PI605862C,3.7,9
PI605863A,3,9
PI605863B,3,9
PI605865A,3.3,9
PI605865B,3.3,9
PI605869A,3.2,9
PI605870A,3.2,9
PI605870B,3.3,9
PI605871A,3,9
PI605871C,3.6,9
PI605876A,3.4,9
PI605876B,3,9
PI605876D,3,9
PI605876E,3,9
PI605877A,3.4,9
PI605877B,3.3,9
PI605877C,3.3,9
PI605877D,3.3,9
PI605877F,3.3,9
PI605882A,3,9
PI605882B,4,9
PI605884A,3.2,9
PI605884B,3.7,9
PI605884C,3.3,9
PI605884D,3.5,9
PI605884E,3.5,9
PI605885A,3.5,9
PI605885B,2.8,9
PI605885C,2.5,9
PI605886A,3.3,9
PI605886B,3.3,9
PI605886C,3.3,9
PI605886D,3,9
PI605886E,3,9
PI605887A,3,9
PI605890A,4,9
PI605891A,3.6,9
PI605891B,2.5,9
PI605891C,3,9
PI605891D,3,9
PI605897A,4,9
PI605897C,3,9
PI606382A,3.3,9
PI606382B,4,9
PI606390B,4.3,9
PI606432A,3.3,9
PI606432B,3.5,9
PI606438A,3.7,9
PI612612B,3.8,9
PI612617B,4.3,9
PI612708B,4.3,9
PI612713B,3,9
PI612714B,3,9
PI612721B,4,9
PI612753A,3.3,9
PI612753B,2.5,9
PI612758A,2.7,9
PI612758B,3.3,9
PI612759B,3,9
PI612759C,2.7,9
PI612759D,3,9
PI068475-1,4.3,10
PI068680-2,3.7,10
PI085009-1,3.7,10
PI086091-1,4.3,10
PI086903-3,4,10
PI090576-1,4,10
PI091100-4,4.3,10
PI091725-2,3.3,10
PI407790-1,3,10
PI407808-1,2.7,10
PI407814-1,3.5,10
PI407859-1,2,10
PI407859-2,4,10
PI407874-1,3.7,10
PI407874-2,3,10
PI407890-1,4,10
PI407946-1,3,10
PI407950-2,4.7,10
PI407961-1,3.7,10
PI407962-1,3.5,10
PI407962-2,4,10
PI407999-2,3,10
PI408004-1,4,10
PI408180-1,3.3,10
PI408180-2,3.7,10
PI408293-2,3,10
PI408311-2,4.7,10
PI424337-2,4,10
PI438440-1,3.3,10
PI438440-2,3.5,10
