acid,SDS.493026,
FC001547,5,8
FC002108,5,8
FC002109,5,8
FC003548,5,8
FC019976,5,8
FC029219,5,8
FC029333,5,8
FC031408,5,8
FC031409,5,8
FC031557,5,8
FC031571,5,8
FC031579,5,8
FC031630,5,8
FC031678,5,8
FC031684,5,8
FC031685,5,8
FC031697,5,8
FC031702,5,8
FC031715,5,8
FC031946,5,8
PI019986,5,8
PI030594,5,8
PI030599,5,8
PI030600,5,8
PI047131,5,8
PI054583,5,8
PI054591,5,8
PI054592,5,8
PI054600,5,8
PI054604,5,8
PI054607,5,8
PI054608,5,8
PI054609,5,8
PI054613,5,8
PI054614,5,8
PI054615,5,8
PI054617,5,8
PI054618,5,8
PI054619,5,8
PI054620,5,8
PI054818,5,8
PI054859,5,8
PI054862,5,8
PI054873,5,8
PI055887,5,8
PI056563,5,8
PI057334,5,8
PI058955,5,8
PI059849,2,8
PI060272,5,8
PI060279,5,8
PI060970,5,8
PI061940,5,8
PI061944,5,8
PI061947,5,8
PI062199,5,8
PI062202,5,8
PI062248,5,8
PI062483,5,8
PI063468,5,8
PI063945,5,8
PI064698,5,8
PI064747,5,8
PI065341,5,8
PI065346,5,8
PI065354,5,8
PI065379,5,8
PI065388,5,8
PI068011,5,8
PI068398,5,8
PI068410,5,8
PI068421,5,8
PI068423,5,8
PI068427,5,8
PI068430,5,8
PI068436,5,8
PI068439,5,8
PI068443,5,8
PI068446,5,8
PI068448,5,8
PI068449,5,8
PI068454,5,8
PI068455,5,8
PI068457,5,8
PI068461,5,8
PI068465,5,8
PI068466,5,8
PI068470,5,8
PI068474,5,8
PI068475,5,8
PI068479,5,8
PI068480,5,8
PI068481,5,8
PI068483,5,8
PI068488,5,8
PI068494,5,8
PI068500,5,8
PI068503,5,8
PI068508,5,8
PI068516,5,8
PI068521,5,8
PI068522,5,8
PI068523,5,8
PI068526,5,8
PI068528,5,8
PI068530,5,8
PI068535,5,8
PI068543,5,8
PI068555,5,8
PI068560,5,8
PI068562,5,8
PI068564,5,8
PI068585,5,8
PI068587,5,8
PI068598,5,8
PI068599,5,8
PI068600,5,8
PI068621,5,8
PI068622,5,8
PI068627,5,8
PI068629,5,8
PI068639,5,8
PI068642,5,8
PI068644,5,8
PI068648,5,8
PI068655,5,8
PI068658,5,8
PI068661,5,8
PI068663,5,8
PI068666,5,8
PI068671,5,8
PI068676,5,8
PI068679,5,8
PI068680,5,8
PI068683,5,8
PI068685,5,8
PI068687,5,8
PI068692,5,8
PI068694,5,8
PI068696,5,8
PI068701,5,8
PI068704,5,8
PI068706,5,8
PI068708,5,8
PI068709,5,8
PI068710,5,8
PI068712,5,8
PI068713,5,8
PI068715,5,8
PI068718,5,8
PI068725,5,8
PI068728,5,8
PI068729,5,8
PI068731,5,8
PI068732,5,8
PI068736,5,8
PI068741,5,8
PI068748,5,8
PI068756,5,8
PI068759,5,8
PI068761,5,8
PI068762,5,8
PI068763,5,8
PI068765,5,8
PI068768,5,8
PI068778,5,8
PI068788,5,8
PI068795,5,8
PI068806,5,8
PI068815,5,8
PI069500,5,8
PI069501,5,8
PI069503,5,8
PI069512,5,8
PI069515,5,8
PI069532,5,8
PI069991,5,8
PI069992,5,8
PI069993,5,8
PI069995,5,8
PI069996,5,8
PI070001,5,8
PI070009,5,8
PI070013,5,8
PI070014,5,8
PI070019,5,8
PI070021,5,8
PI070023,5,8
PI070036,5,8
PI070076,5,8
PI070077,5,8
PI070078,5,8
PI070080,5,8
PI070084,5,8
PI070089,5,8
PI070091,5,8
PI070188,5,8
PI070189,5,8
PI070192,5,8
PI070197,5,8
PI070199,5,8
PI070201,5,8
PI070202,5,8
PI070208,5,8
PI070212,5,8
PI070213,5,8
PI070224,5,8
PI070228,5,8
PI070229,5,8
PI070242,5,8
PI070243,5,8
PI070247,5,8
PI070251,5,8
PI070253,5,8
PI070453,5,8
PI070456,5,8
PI070457,5,8
PI070458,5,8
PI070459,5,8
PI070460,5,8
PI070461,5,8
PI070462,5,8
PI070463,5,8
PI070467,5,8
PI070469,5,8
PI070470,5,8
PI070471,5,8
PI070473,5,8
PI070476,5,8
PI070478,5,8
PI070490,5,8
PI070495,5,8
PI070500,5,8
PI070501,5,8
PI070503,5,8
PI070507,5,8
PI070515,5,8
PI070516,5,8
PI070519,5,8
PI070528,5,8
PI070541,5,8
PI070559,5,8
PI070561,5,8
PI070566,5,8
PI071444,5,8
PI071461,5,8
PI071463,5,8
PI071845,5,8
PI071850,5,8
PI072227,5,8
PI072232,5,8
PI072328,5,8
PI072337,5,8
PI072341,5,8
PI072342,5,8
PI073583,5,8
PI073585,5,8
PI073587,5,8
PI073772,5,8
PI073780,5,8
PI079583,5,8
PI079586,5,8
PI079587,5,8
PI079593,5,8
PI079596,5,8
PI079602,5,8
PI079609,5,8
PI079613,5,8
PI079616,5,8
PI079620,5,8
PI079627,5,8
PI079628,5,8
PI079645,5,8
PI079691,5,8
PI079692,5,8
PI079693,5,8
PI079695,5,8
PI079696,5,8
PI079703,5,8
PI079710,5,8
PI079712,5,8
PI079726,5,8
PI079737,5,8
PI079743,5,8
PI079745,5,8
PI079746,5,8
PI079747,5,8
PI079756,5,8
PI079760,5,8
PI079761,5,8
PI079773,5,8
PI079797,5,8
PI079835,5,8
PI079846,5,8
PI079848,5,8
PI079863,5,8
PI079872,5,8
PI079874,5,8
PI079885,5,8
PI080459,5,8
PI080461,5,8
PI080469,5,8
PI080470,5,8
PI080471,5,8
PI080473,5,8
PI080479,5,8
PI080480,5,8
PI080481,5,8
PI080485,5,8
PI080488,5,8
PI080494,5,8
PI080536,5,8
PI080671,5,8
PI080822,5,8
PI080825,5,8
PI080831,5,8
PI080841,5,8
PI081023,5,8
PI081027,5,8
PI081030,5,8
PI081035,5,8
PI081038,5,8
PI081041,5,8
PI081667,5,8
PI081761,5,8
PI081763,5,8
PI081764,5,8
PI081766,5,8
PI081767,5,8
PI081768,5,8
PI081770,5,8
PI081771,5,8
PI081773,5,8
PI081777,5,8
PI081780,5,8
PI081785,5,8
PI081971,5,8
PI082184,5,8
PI082210,5,8
PI082218,5,8
PI082232,5,8
PI082235,5,8
PI082246,5,8
PI082259,5,8
PI082264,5,8
PI082278,2,8
PI082291,5,8
PI082295,5,8
PI082296,5,8
PI082302,5,8
PI082307,5,8
PI082308,5,8
PI082315,5,8
PI082325,5,8
PI082326,5,8
PI082509,5,8
PI082527,5,8
PI082532,5,8
PI082534,5,8
PI082544,5,8
PI082554,5,8
PI082555,5,8
PI082558,5,8
PI082581,5,8
PI083853,5,8
PI083858,5,8
PI083868,5,8
PI083881,5,8
PI083889,5,8
PI083891,5,8
PI083892,5,8
PI083893,5,8
PI083915,5,8
PI083923,5,8
PI083925,5,8
PI083940,5,8
PI083944,5,8
PI083946,5,8
PI084509,5,8
PI084578,5,8
PI084579,5,8
PI084580,5,8
PI084581,5,8
PI084594,5,8
PI084609,5,8
PI084610,5,8
PI084611,5,8
PI084619,5,8
PI084628,5,8
PI084632,5,8
PI084633,5,8
PI084639,5,8
PI084644,5,8
PI084646,5,8
PI084656,5,8
PI084657,5,8
PI084660,5,8
PI084662,5,8
PI084664,5,8
PI084665,5,8
PI084666,5,8
PI084671,5,8
PI084673,5,8
PI084679,5,8
PI084680,5,8
PI084681,5,8
PI084682,5,8
PI084683,5,8
PI084713,5,8
PI084724,5,8
PI084742,5,8
PI084750,5,8
PI084751,5,8
PI084757,5,8
PI084807,5,8
PI084896,5,8
PI084912,5,8
PI084914,5,8
PI084921,5,8
PI084928,5,8
PI084939,5,8
PI084944,5,8
PI084954,5,8
PI084957,5,8
PI084959,5,8
PI084960,5,8
PI084965,5,8
PI084970,5,8
PI084973,5,8
PI084976,5,8
PI084979,5,8
PI084985,5,8
PI084987,5,8
PI084992,5,8
PI085012,5,8
PI085014,5,8
PI085019,5,8
PI085021,5,8
PI085272,5,8
PI085340,5,8
PI085355,5,8
PI085356,5,8
PI085407,5,8
PI085420,5,8
PI085424,5,8
PI085437,5,8
PI085441,5,8
PI085456,5,8
PI085469,5,8
PI085492,5,8
PI085505,5,8
PI085506,5,8
PI085508,5,8
PI085519,2,8
PI085550,5,8
PI085559,5,8
PI085590,5,8
PI085619,5,8
PI085624,5,8
PI085625,2,8
PI085626,5,8
PI085630,5,8
PI085658,5,8
PI085663,5,8
PI085665,5,8
PI085666,5,8
PI085668,5,8
PI085671,5,8
PI085878,5,8
PI085903,5,8
PI086002,5,8
PI086004,5,8
PI086006,5,8
PI086007,5,8
PI086022,5,8
PI086023,5,8
PI086024,5,8
PI086026,5,8
PI086027,5,8
PI086028,5,8
PI086029,5,8
PI086031,5,8
PI086032,5,8
PI086038,5,8
PI086045,5,8
PI086046,5,8
PI086050,5,8
PI086053,5,8
PI086060,5,8
PI086062,5,8
PI086063,5,8
PI086069,5,8
PI086071,5,8
PI086073,5,8
PI086075,5,8
PI086081,5,8
PI086089,5,8
PI086098,5,8
PI086102,5,8
PI086103,5,8
PI086111,5,8
PI086112,5,8
PI086113,5,8
PI086114,5,8
PI086115,5,8
PI086116,5,8
PI086122,5,8
PI086123,5,8
PI086128,5,8
PI086136,5,8
PI086137,5,8
PI086138,5,8
PI086142,5,8
PI086144,5,8
PI086145,5,8
PI086146,5,8
PI086150,5,8
PI086153,5,8
PI086154,5,8
PI086301,5,8
PI086425,5,8
PI086443,5,8
PI086445,5,8
PI086449,5,8
PI086452,5,8
PI086454,5,8
PI086456,5,8
PI086457,5,8
PI086463,5,8
PI086469,5,8
PI086482,5,8
PI086491,5,8
PI086502,5,8
PI086504,5,8
PI086510,5,8
PI086740,5,8
PI086741,5,8
PI086876,5,8
PI086878,5,8
PI086908,5,8
PI086978,5,8
PI087005,5,8
PI087011,5,8
PI087013,5,8
PI087026,5,8
PI087029,5,8
PI087047,5,8
PI087059,5,8
PI087065,5,8
PI087074,5,8
PI087165,5,8
PI087167,5,8
PI087457,5,8
PI087524,5,8
PI087525,5,8
PI087530,5,8
PI087540,5,8
PI087561,5,8
PI087571,5,8
PI087574,5,8
PI087575,5,8
PI087588,5,8
PI087606,5,8
PI087614,5,8
PI087615,5,8
PI087617,5,8
PI087618,5,8
PI087619,5,8
PI087620,5,8
PI087622,5,8
PI087623,5,8
PI087628,5,8
PI087629,5,8
PI087630,5,8
PI087631,5,8
PI087632,5,8
PI087634,5,8
PI088282,5,8
PI088287,5,8
PI088289,5,8
PI088290,5,8
PI088291,5,8
PI088292,5,8
PI088293,5,8
PI088294,5,8
PI088296,5,8
PI088297,5,8
PI088298,5,8
PI088300,5,8
PI088301,5,8
PI088303,5,8
PI088304,5,8
PI088305,5,8
PI088306,5,8
PI088307,5,8
PI088308,5,8
PI088309,5,8
PI088310,2,8
PI088311,5,8
PI088312,5,8
PI088313,5,8
PI088349,5,8
PI088350,5,8
PI088351,5,8
PI088352,5,8
PI088353,5,8
PI088354,5,8
PI088355,5,8
PI088356,5,8
PI088357,5,8
PI088358,5,8
PI088359,5,8
PI088442,5,8
PI088444,5,8
PI088445,5,8
PI088447,5,8
PI088448,5,8
PI088452,5,8
PI088455,5,8
PI088458,5,8
PI088459,5,8
PI088466,5,8
PI088468,5,8
PI088479,5,8
PI088486,5,8
PI088491,5,8
PI088492,5,8
PI088495,5,8
PI088499,5,8
PI088502,5,8
PI088508,5,8
PI088777,2,8
PI088780,5,8
PI088782,5,8
PI088783,5,8
PI088787,5,8
PI088789,5,8
PI088790,5,8
PI088793,5,8
PI088798,5,8
PI088799,5,8
PI088803,5,8
PI088806,5,8
PI088809,5,8
PI088810,5,8
PI088813,5,8
PI088814,5,8
PI088815,5,8
PI088816,5,8
PI088818,5,8
PI088823,2,8
PI088825,5,8
PI088826,5,8
PI088886,5,8
PI088965,5,8
PI088997,5,8
PI089000,5,8
PI089002,5,8
PI089004,5,8
PI089006,5,8
PI089007,5,8
PI089008,5,8
PI089009,5,8
PI089010,5,8
PI089012,5,8
PI089013,5,8
PI089014,5,8
PI089053,5,8
PI089059,5,8
PI089063,5,8
PI089064,5,8
PI089065,5,8
PI089066,5,8
PI089067,5,8
PI089070,5,8
PI089072,5,8
PI089073,5,8
PI089074,5,8
PI089075,5,8
PI089117,5,8
PI089128,5,8
PI089130,5,8
PI089133,5,8
PI089134,5,8
PI089138,5,8
PI089143,5,8
PI089146,5,8
PI089150,5,8
PI089152,5,8
PI089153,5,8
PI089154,5,8
PI089156,5,8
PI089162,5,8
PI089167,5,8
PI089168,5,8
PI089170,5,8
PI089171,5,8
PI089471,5,8
PI089769,5,8
PI089772,5,8
PI089773,5,8
PI089783,5,8
PI089784,5,8
PI090138,5,8
PI090180,5,8
PI090208,5,8
PI090220,5,8
PI090221,5,8
PI090233,5,8
PI090241,5,8
PI090245,5,8
PI090249,5,8
PI090256,5,8
PI090258,5,8
PI090305,5,8
PI090354,5,8
PI090369,5,8
PI090392,5,8
PI090401,5,8
PI090402,5,8
PI090407,5,8
PI090463,5,8
PI090486,5,8
PI090490,5,8
PI090560,5,8
PI090563,5,8
PI090566,5,8
PI090570,5,8
PI090573,5,8
PI090574,5,8
PI090575,5,8
PI090578,5,8
PI090579,5,8
PI090723,5,8
PI090760,5,8
PI090763,5,8
PI091073,5,8
PI091082,5,8
PI091083,5,8
PI091089,5,8
PI091091,5,8
PI091102,5,8
PI091103,5,8
PI091104,5,8
PI091107,5,8
PI091109,5,8
PI091113,5,8
PI091114,5,8
PI091115,5,8
PI091116,5,8
PI091117,5,8
PI091119,5,8
PI091120,5,8
PI091124,5,8
PI091126,5,8
PI091127,5,8
PI091129,5,8
PI091133,5,8
PI091138,5,8
PI091141,5,8
PI091142,5,8
PI091144,5,8
PI091149,5,8
PI091150,5,8
PI091151,5,8
PI091152,5,8
PI091153,5,8
PI091154,5,8
PI091156,5,8
PI091159,5,8
PI091160,5,8
PI091161,5,8
PI091162,5,8
PI091163,5,8
PI091164,5,8
PI091165,5,8
PI091166,5,8
PI091167,5,8
PI091169,5,8
PI091171,5,8
PI091174,5,8
PI091178,5,8
PI091180,5,8
PI091340,5,8
PI091341,5,8
PI091343,5,8
PI091346,5,8
PI091349,5,8
PI091557,5,8
PI091559,5,8
PI091679,5,8
PI091684,5,8
PI091702,5,8
PI091719,5,8
PI091729,5,8
PI091730,5,8
PI091731,5,8
PI091734,5,8
PI091750,5,8
PI092109,5,8
PI092460,5,8
PI092463,5,8
PI092464,5,8
PI092465,5,8
PI092466,5,8
PI092557,5,8
PI092560,5,8
PI092561,5,8
PI092563,5,8
PI092568,5,8
PI092569,5,8
PI092570,5,8
PI092571,5,8
PI092572,5,8
PI092573,5,8
PI092576,5,8
PI092577,5,8
PI092580,5,8
PI092582,5,8
PI092583,5,8
PI092589,5,8
PI092590,5,8
PI092592,5,8
PI092593,5,8
PI092594,5,8
PI092595,5,8
PI092596,5,8
PI092598,5,8
PI092600,5,8
PI092602,5,8
PI092603,5,8
PI092604,5,8
PI092605,5,8
PI092606,5,8
PI092607,5,8
PI092608,5,8
PI092611,5,8
PI092617,5,8
PI092618,5,8
PI092619,5,8
PI092623,5,8
PI092627,5,8
PI092629,5,8
PI092630,5,8
PI092633,5,8
PI092636,5,8
PI092639,5,8
PI092640,5,8
PI092641,5,8
PI092642,5,8
PI092643,5,8
PI092645,5,8
PI092651,5,8
PI092654,5,8
PI092659,5,8
PI092660,5,8
PI092661,5,8
PI092662,5,8
PI092663,5,8
PI092671,5,8
PI092672,5,8
PI092677,5,8
PI092681,5,8
PI092683,5,8
PI092684,5,8
PI092686,5,8
PI092687,5,8
PI092688,5,8
PI092689,5,8
PI092690,5,8
PI092691,5,8
PI092694,5,8
PI092696,5,8
PI092698,5,8
PI092702,5,8
PI092704,5,8
PI092705,5,8
PI092707,5,8
PI092713,5,8
PI092717,5,8
PI092718,5,8
PI092719,5,8
PI092720,5,8
PI092722,5,8
PI092728,5,8
PI092733,5,8
PI092734,5,8
PI092748,5,8
PI093055,5,8
PI093217,5,8
PI093559,5,8
PI093560,5,8
PI093563,5,8
PI093565,5,8
PI095740,5,8
PI095769,5,8
PI095801,5,8
PI095853,5,8
PI095887,5,8
PI096093,5,8
PI096118,5,8
PI096162,5,8
PI096171,5,8
PI096188,5,8
PI096195,5,8
PI096199,5,8
PI096201,5,8
PI096280,5,8
PI096321,5,8
PI096322,5,8
PI096333,5,8
PI096549,5,8
PI096550,5,8
PI096783,5,8
PI096787,5,8
PI096808,5,8
PI096927,5,8
PI096978,5,8
PI096984,5,8
PI097038,5,8
PI097139,5,8
PI097155,5,8
PI097220,5,8
PI097222,5,8
PI097225,5,8
PI097235,5,8
PI097605,5,8
PI097627,5,8
PI098243,5,8
PI103080,5,8
PI103088,5,8
PI103091,5,8
PI103414,5,8
PI103415,5,8
PI104708,5,8
PI105579,5,8
PI123578,5,8
PI124871,5,8
PI135589,5,8
PI135590,5,8
PI153226,5,8
PI153231,5,8
PI153243,5,8
PI153264,5,8
PI153280,5,8
PI153288,5,8
PI153289,5,8
PI153292,5,8
PI153309,5,8
PI153321,5,8
PI154195,5,8
PI157395,5,8
PI157396,5,8
PI157397,5,8
PI157398,5,8
PI157401,5,8
PI157402,5,8
PI157404,5,8
PI157405,5,8
PI157408,5,8
PI157409,5,8
PI157410,5,8
PI157414,5,8
PI157416,5,8
PI157417,5,8
PI157419,5,8
PI157421,5,8
PI157424,5,8
PI157428,5,8
PI157429,5,8
PI157431,5,8
PI157434,5,8
PI157435,5,8
PI157436,5,8
PI157437,5,8
PI157438,5,8
PI157439,5,8
PI157441,5,8
PI157442,5,8
PI157445,5,8
PI157446,5,8
PI157447,5,8
PI157448,5,8
PI157449,5,8
PI157450,5,8
PI157452,5,8
PI157453,5,8
PI157454,5,8
PI157456,5,8
PI157457,5,8
PI157458,5,8
PI157459,5,8
PI157460,5,8
PI157462,5,8
PI157468,5,8
PI157471,5,8
PI157472,5,8
PI157474,5,8
PI157477,5,8
PI157482,5,8
PI157483,5,8
PI157485,5,8
PI157490,5,8
PI157491,5,8
PI157492,5,8
PI158765,5,8
PI167240,5,8
PI167277,5,8
PI170380,5,8
PI171427,5,8
PI171428,5,8
PI171429,5,8
PI171431,5,8
PI171432,5,8
PI171433,5,8
PI171434,5,8
PI171449,5,8
PI171454,5,8
PI171652,5,8
PI172901,5,8
PI173994,5,8
PI173995,5,8
PI179826,5,8
PI181533,5,8
PI181534,5,8
PI181535,5,8
PI181537,5,8
PI181539,5,8
PI181540,5,8
PI181541,5,8
PI181542,5,8
PI181548,5,8
PI181549,5,8
PI181550,5,8
PI181551,5,8
PI181552,5,8
PI181553,5,8
PI181554,5,8
PI181555,5,8
PI181557,5,8
PI187150,5,8
PI187152,5,8
PI187153,5,8
PI189891,5,8
PI189920,5,8
PI189926,5,8
PI189928,5,8
PI189929,5,8
PI189930,5,8
PI189931,5,8
PI189935,5,8
PI189958,5,8
PI189969,5,8
PI196148,5,8
PI196149,5,8
PI196150,5,8
PI196151,5,8
PI196152,5,8
PI196153,5,8
PI196154,5,8
PI196155,5,8
PI196156,5,8
PI196157,5,8
PI196158,5,8
PI196161,5,8
PI196162,5,8
PI196163,5,8
PI196164,5,8
PI196165,5,8
PI196167,5,8
PI196170,5,8
PI196171,5,8
PI196172,5,8
PI200453,5,8
PI200457,5,8
PI200458,5,8
PI200460,5,8
PI200463,5,8
PI200470,5,8
PI200471,5,8
PI200473,5,8
PI200478,5,8
PI200479,5,8
PI200480,5,8
PI200482,5,8
PI200485,5,8
PI200495,5,8
PI200496,5,8
PI200499,5,8
PI200501,5,8
PI200504,5,8
PI200517,5,8
PI200518,5,8
PI200519,5,8
PI200522,5,8
PI200533,5,8
PI200535,5,8
PI200536,5,8
PI200541,5,8
PI200545,5,8
PI200548,5,8
PI200552,5,8
PI200592,5,8
PI200596,5,8
PI205086,5,8
PI205087,5,8
PI205088,5,8
PI205089,5,8
PI205092,5,8
PI209331,5,8
PI209332,5,8
PI209334,5,8
PI209335,5,8
PI219782,5,8
PI219783,5,8
PI219784,5,8
PI219787,5,8
PI224271,5,8
PI224272,5,8
PI224275,5,8
PI226588,5,8
PI226589,5,8
PI226590,5,8
PI226591,5,8
PI227212,5,8
PI227213,5,8
PI227218,5,8
PI227320,5,8
PI227321,5,8
PI227324,5,8
PI227328,5,8
PI227333,5,8
PI227334,5,8
PI227558,5,8
PI227560,5,8
PI227563,5,8
PI227566,5,8
PI227684,5,8
PI227685,5,8
PI227686,5,8
PI229312,5,8
PI229313,5,8
PI229314,5,8
PI229316,5,8
PI229317,5,8
PI229319,5,8
PI229322,5,8
PI229324,5,8
PI229325,5,8
PI229326,5,8
PI229327,5,8
PI229331,5,8
PI229333,5,8
PI229334,5,8
PI229336,5,8
PI229340,5,8
PI229341,5,8
PI229342,5,8
PI229343,5,8
PI229344,5,8
PI229345,5,8
PI229349,5,8
PI229351,5,8
PI229352,5,8
PI229353,5,8
PI229356,5,8
PI229357,5,8
PI229359,5,8
PI229360,5,8
PI229361,5,8
PI229362,5,8
PI229738,5,8
PI232987,5,8
PI232988,5,8
PI232989,5,8
PI232990,5,8
PI232991,5,8
PI232992,5,8
PI232993,5,8
PI235335,5,8
PI235339,5,8
PI235340,5,8
PI235344,5,8
PI235346,5,8
PI238922,5,8
PI238926,5,8
PI238930,5,8
PI238931,5,8
PI238933,5,8
PI243514,5,8
PI243515,5,8
PI243516,5,8
PI243517,5,8
PI243518,2,8
PI243519,5,8
PI243520,5,8
PI243521,5,8
PI243522,5,8
PI243523,5,8
PI243524,5,8
PI243525,5,8
PI243527,5,8
PI243528,5,8
PI243529,5,8
PI243530,2,8
PI243531,5,8
PI243532,5,8
PI243533,5,8
PI243535,5,8
PI243536,5,8
PI243537,5,8
PI243538,5,8
PI243540,5,8
PI243541,5,8
PI243543,5,8
PI243544,5,8
PI243545,5,8
PI243546,5,8
PI243548,5,8
PI243549,5,8
PI243551,5,8
PI246365,5,8
PI246366,5,8
PI246367,5,8
PI246368,5,8
PI246369,5,8
PI248396,5,8
PI248398,5,8
PI248402,5,8
PI248511,5,8
PI248513,5,8
PI248514,5,8
PI248515,5,8
PI253654,5,8
PI253655,5,8
PI253659,5,8
PI253663,5,8
PI261466,5,8
PI261467,5,8
PI261468,5,8
PI261472,5,8
PI261473,5,8
PI261474,5,8
PI262181,5,8
PI264555,5,8
PI273484,5,8
PI274205,5,8
PI274206,5,8
PI274207,5,8
PI274208,5,8
PI274209,5,8
PI274210,5,8
PI274211,5,8
PI274212,5,8
PI274420,5,8
PI274421,5,8
PI274423,5,8
PI274455,5,8
PI274456,5,8
PI281850,5,8
PI283330,5,8
PI283331,5,8
PI283332,5,8
PI283334,5,8
PI290130,5,8
PI291286,5,8
PI291288,5,8
PI291295,5,8
PI291296,5,8
PI291297,5,8
PI291298,5,8
PI291299,5,8
PI291301,5,8
PI291315,5,8
PI291327,5,8
PI297504,5,8
PI297510,5,8
PI297515,5,8
PI297521,5,8
PI297528,5,8
PI297533,5,8
PI297536,5,8
PI297537,5,8
PI297543,5,8
PI297544,5,8
PI297545,5,8
PI303651,5,8
PI304218,5,8
PI323555,5,8
PI323556,5,8
PI339734,5,8
PI339736,5,8
PI339870,5,8
PI339977,5,8
PI339981,5,8
PI339983,5,8
PI339984,5,8
PI339985,5,8
PI339987,5,8
PI339990,5,8
PI339991,5,8
PI339993,5,8
PI339994,5,8
PI339995,5,8
PI339996,5,8
PI339997,5,8
PI340002,5,8
PI340005,5,8
PI340007,5,8
PI340010,5,8
PI340011,5,8
PI340012,5,8
PI340015,5,8
PI340017,5,8
PI340018,5,8
PI340020,5,8
PI340027,5,8
PI340033,5,8
PI340034,5,8
PI340035,5,8
PI340036,5,8
PI340037,5,8
PI340038,5,8
PI340039,5,8
PI340040,5,8
PI340041,5,8
PI340042,5,8
PI340046,5,8
PI340047,5,8
PI340048,5,8
PI340049,5,8
PI340052,5,8
PI340054,5,8
PI342004,5,8
PI342005,5,8
PI342436,5,8
PI342438,5,8
PI358313,5,8
PI360835,5,8
PI360836,5,8
PI360837,5,8
PI360838,5,8
PI360841,5,8
PI360842,5,8
PI360843,5,8
PI360844,5,8
PI360845,5,8
PI360846,5,8
PI360847,5,8
PI360848,5,8
PI360959,5,8
PI361053,5,8
PI361055,5,8
PI361063,5,8
PI361064,5,8
PI361067,5,8
PI361074,5,8
PI361080,5,8
PI361101,5,8
PI361103,5,8
PI361109,5,8
PI361116,5,8
PI370055,5,8
PI377574,5,8
PI378672,5,8
PI379556,5,8
PI379560,5,8
PI379561,5,8
PI383277,5,8
PI383278,5,8
PI384468,5,8
PI384471,5,8
PI384473,5,8
PI384474,5,8
PI385942,5,8
PI391577,5,8
PI391578,5,8
PI391583,5,8
PI391585,5,8
PI391586,5,8
PI391594,5,8
PI393535,2,8
PI393537,5,8
PI393538,5,8
PI393540,5,8
PI393563,5,8
PI393999,5,8
PI398181,5,8
PI398182,5,8
PI398185,5,8
PI398188,5,8
PI398190,5,8
PI398191,5,8
PI398197,5,8
PI398198,5,8
PI398199,5,8
PI398200,5,8
PI398201,5,8
PI398202,5,8
PI398204,5,8
PI398205,5,8
PI398206,5,8
PI398208,5,8
PI398211,5,8
PI398214,5,8
PI398215,5,8
PI398221,5,8
PI398222,5,8
PI398223,5,8
PI398224,5,8
PI398225,5,8
PI398226,5,8
PI398227,5,8
PI398228,5,8
PI398229,5,8
PI398230,5,8
PI398231,5,8
PI398232,5,8
PI398233,5,8
PI398234,5,8
PI398235,5,8
PI398236,5,8
PI398237,5,8
PI398242,5,8
PI398243,5,8
PI398244,5,8
PI398245,5,8
PI398247,5,8
PI398248,5,8
PI398249,5,8
PI398250,5,8
PI398251,5,8
PI398252,5,8
PI398256,5,8
PI398257,5,8
PI398258,5,8
PI398260,5,8
PI398261,5,8
PI398265,5,8
PI398267,5,8
PI398268,5,8
PI398270,5,8
PI398271,5,8
PI398272,5,8
PI398273,5,8
PI398274,5,8
PI398275,5,8
PI398276,5,8
PI398278,5,8
PI398281,5,8
PI398282,5,8
PI398283,5,8
PI398289,5,8
PI398290,5,8
PI398291,5,8
PI398293,5,8
PI398294,5,8
PI398295,5,8
PI398296,5,8
PI398297,5,8
PI398298,5,8
PI398299,5,8
PI398300,5,8
PI398303,5,8
PI398305,5,8
PI398306,5,8
PI398310,5,8
PI398311,5,8
PI398312,5,8
PI398313,5,8
PI398314,5,8
PI398315,5,8
PI398317,5,8
PI398318,5,8
PI398319,5,8
PI398320,5,8
PI398321,5,8
PI398322,5,8
PI398325,5,8
PI398326,5,8
PI398327,5,8
PI398329,5,8
PI398334,5,8
PI398342,5,8
PI398349,5,8
PI398350,5,8
PI398355,5,8
PI398356,5,8
PI398357,5,8
PI398358,5,8
PI398359,5,8
PI398360,5,8
PI398366,5,8
PI398367,5,8
PI398368,5,8
PI398371,5,8
PI398374,5,8
PI398375,5,8
PI398379,5,8
PI398380,5,8
PI398382,5,8
PI398383,5,8
PI398384,5,8
PI398385,5,8
PI398386,5,8
PI398388,5,8
PI398389,5,8
PI398392,5,8
PI398394,5,8
PI398395,5,8
PI398396,5,8
PI398397,5,8
PI398398,5,8
PI398401,5,8
PI398404,5,8
PI398405,5,8
PI398406,5,8
PI398408,5,8
PI398410,5,8
PI398412,5,8
PI398414,5,8
PI398415,5,8
PI398416,5,8
PI398417,5,8
PI398419,5,8
PI398420,5,8
PI398421,5,8
PI398425,5,8
PI398426,5,8
PI398429,5,8
PI398430,5,8
PI398431,5,8
PI398439,5,8
PI398440,5,8
PI398441,5,8
PI398442,5,8
PI398443,5,8
PI398444,5,8
PI398446,5,8
PI398450,5,8
PI398451,5,8
PI398463,5,8
PI398464,5,8
PI398470,5,8
PI398472,5,8
PI398475,5,8
PI398482,5,8
PI398484,5,8
PI398486,5,8
PI398489,5,8
PI398490,5,8
PI398492,5,8
PI398493,5,8
PI398494,5,8
PI398495,5,8
PI398499,5,8
PI398501,5,8
PI398503,5,8
PI398504,5,8
PI398505,5,8
PI398514,5,8
PI398516,5,8
PI398519,5,8
PI398522,5,8
PI398523,5,8
PI398529,5,8
PI398531,5,8
PI398532,5,8
PI398537,5,8
PI398540,5,8
PI398549,5,8
PI398551,5,8
PI398558,5,8
PI398559,5,8
PI398565,5,8
PI398566,5,8
PI398572,5,8
PI398588,5,8
PI398599,5,8
PI398600,5,8
PI398601,5,8
PI398604,5,8
PI398609,5,8
PI398615,5,8
PI398617,5,8
PI398619,5,8
PI398620,5,8
PI398621,5,8
PI398624,5,8
PI398625,5,8
PI398626,5,8
PI398631,5,8
PI398634,5,8
PI398636,5,8
PI398637,5,8
PI398638,5,8
PI398639,5,8
PI398640,5,8
PI398641,5,8
PI398642,5,8
PI398643,5,8
PI398644,5,8
PI398652,5,8
PI398654,5,8
PI398655,5,8
PI398656,5,8
PI398657,5,8
PI398664,5,8
PI398666,5,8
PI398667,5,8
PI398672,5,8
PI398674,5,8
PI398680,5,8
PI398681,5,8
PI398682,5,8
PI398684,5,8
PI398685,5,8
PI398686,5,8
PI398687,5,8
PI398693,5,8
PI398694,5,8
PI398695,5,8
PI398696,5,8
PI398697,5,8
PI398698,5,8
PI398700,5,8
PI398701,5,8
PI398702,5,8
PI398704,5,8
PI398705,5,8
PI398706,5,8
PI398707,5,8
PI398708,5,8
PI398709,5,8
PI398710,5,8
PI398712,5,8
PI398716,5,8
PI398717,5,8
PI398720,2,8
PI398726,5,8
PI398727,5,8
PI398728,5,8
PI398730,5,8
PI398735,5,8
PI398737,5,8
PI398738,5,8
PI398739,5,8
PI398741,5,8
PI398743,5,8
PI398744,5,8
PI398746,5,8
PI398747,5,8
PI398748,5,8
PI398749,5,8
PI398750,5,8
PI398751,5,8
PI398752,5,8
PI398753,5,8
PI398754,5,8
PI398755,5,8
PI398757,5,8
PI398758,5,8
PI398759,5,8
PI398761,5,8
PI398762,5,8
PI398763,5,8
PI398764,5,8
PI398765,5,8
PI398766,5,8
PI398767,5,8
PI398768,5,8
PI398772,5,8
PI398773,5,8
PI398774,2,8
PI398775,5,8
PI398776,5,8
PI398788,5,8
PI398790,2,8
PI398791,5,8
PI398801,5,8
PI398802,5,8
PI398803,5,8
PI398804,5,8
PI398805,5,8
PI398806,5,8
PI398807,5,8
PI398808,5,8
PI398813,5,8
PI398814,5,8
PI398815,5,8
PI398816,5,8
PI398820,5,8
PI398821,5,8
PI398822,5,8
PI398823,5,8
PI398830,5,8
PI398831,5,8
PI398832,5,8
PI398838,5,8
PI398839,5,8
PI398841,5,8
PI398842,5,8
PI398843,2,8
PI398847,5,8
PI398848,5,8
PI398849,5,8
PI398854,5,8
PI398856,5,8
PI398857,5,8
PI398858,5,8
PI398859,5,8
PI398867,5,8
PI398868,5,8
PI398871,5,8
PI398872,5,8
PI398873,5,8
PI398875,5,8
PI398877,5,8
PI398878,5,8
PI398879,5,8
PI398880,5,8
PI398881,5,8
PI398883,5,8
PI398884,5,8
PI398885,5,8
PI398886,5,8
PI398887,5,8
PI398888,5,8
PI398889,5,8
PI398890,5,8
PI398891,5,8
PI398898,5,8
PI398899,5,8
PI398901,5,8
PI398902,5,8
PI398903,5,8
PI398904,5,8
PI398905,5,8
PI398906,5,8
PI398908,5,8
PI398909,5,8
PI398910,5,8
PI398912,5,8
PI398913,5,8
PI398914,5,8
PI398915,5,8
PI398916,5,8
PI398919,5,8
PI398920,5,8
PI398921,5,8
PI398922,5,8
PI398923,5,8
PI398924,5,8
PI398926,5,8
PI398927,5,8
PI398929,5,8
PI398930,5,8
PI398931,5,8
PI398933,5,8
PI398934,5,8
PI398935,5,8
PI398936,5,8
PI398937,5,8
PI398938,5,8
PI398939,5,8
PI398940,5,8
PI398941,5,8
PI398942,5,8
PI398944,5,8
PI398946,5,8
PI398953,5,8
PI398954,5,8
PI398955,5,8
PI398957,5,8
PI398959,5,8
PI398960,5,8
PI398963,5,8
PI398964,5,8
PI398965,5,8
PI398970,5,8
PI398975,5,8
PI398980,5,8
PI398981,5,8
PI398982,5,8
PI398985,5,8
PI398987,5,8
PI398988,5,8
PI398989,5,8
PI398990,5,8
PI398992,5,8
PI398993,5,8
PI398994,5,8
PI398995,5,8
PI398996,5,8
PI398997,5,8
PI399001,5,8
PI399004,5,8
PI399005,5,8
PI399006,5,8
PI399008,5,8
PI399010,5,8
PI399011,5,8
PI399015,5,8
PI399016,5,8
PI399017,5,8
PI399018,5,8
PI399019,5,8
PI399020,5,8
PI399022,5,8
PI399023,5,8
PI399027,5,8
PI399028,5,8
PI399030,5,8
PI399031,5,8
PI399034,5,8
PI399035,5,8
PI399036,5,8
PI399039,5,8
PI399043,5,8
PI399046,5,8
PI399051,5,8
PI399054,5,8
PI399063,5,8
PI399066,2,8
PI399068,5,8
PI399069,5,8
PI399070,5,8
PI399072,5,8
PI399073,5,8
PI399077,5,8
PI399079,5,8
PI399080,5,8
PI399091,5,8
PI399092,5,8
PI399093,5,8
PI399094,5,8
PI399106,5,8
PI399112,5,8
PI399119,5,8
PI404151,5,8
PI404152,5,8
PI404153,5,8
PI404154,5,8
PI404159,5,8
PI404161,5,8
PI404163,5,8
PI404164,5,8
PI404165,5,8
PI404166,5,8
PI404167,5,8
PI404168,5,8
PI404170,5,8
PI404171,5,8
PI404172,5,8
PI404174,5,8
PI404175,5,8
PI404176,5,8
PI404177,5,8
PI404178,5,8
PI404180,5,8
PI404181,5,8
PI404182,5,8
PI404183,5,8
PI404185,5,8
PI404186,5,8
PI404187,5,8
PI404189,5,8
PI404190,5,8
PI404191,5,8
PI404193,5,8
PI404194,5,8
PI404195,5,8
PI404197,5,8
PI404199,5,8
PI405690,5,8
PI405691,5,8
PI406707,5,8
PI406708,5,8
PI406709,5,8
PI406710,5,8
PI407653,5,8
PI407656,5,8
PI407657,5,8
PI407714,5,8
PI407717,5,8
PI407719,5,8
PI407720,5,8
PI407721,5,8
PI407722,5,8
PI407724,5,8
PI407727,5,8
PI407729,5,8
PI407730,5,8
PI407731,5,8
PI407732,5,8
PI407733,5,8
PI407734,5,8
PI407735,5,8
PI407736,5,8
PI407746,5,8
PI407770,5,8
PI407776,5,8
PI407783,5,8
PI407796,5,8
PI407810,5,8
PI407812,5,8
PI407817,5,8
PI407820,5,8
PI407823,5,8
PI407827,5,8
PI407847,5,8
PI407848,5,8
PI407849,5,8
PI407850,5,8
PI407851,5,8
PI407858,5,8
PI407860,5,8
PI407862,5,8
PI407863,5,8
PI407870,5,8
PI407873,5,8
PI407883,5,8
PI407886,5,8
PI407895,5,8
PI407897,5,8
PI407900,5,8
PI407904,5,8
PI407905,5,8
PI407906,5,8
PI407908,5,8
PI407917,5,8
PI407922,5,8
PI407924,5,8
PI407925,5,8
PI407928,5,8
PI407933,5,8
PI407934,5,8
PI407947,5,8
PI407949,5,8
PI407958,5,8
PI407977,5,8
PI407979,5,8
PI407985,5,8
PI407991,5,8
PI407992,5,8
PI407996,5,8
PI408005,5,8
PI408006,5,8
PI408008,5,8
PI408013,5,8
PI408014,5,8
PI408015,5,8
PI408017,5,8
PI408018,5,8
PI408021,5,8
PI408025,5,8
PI408026,5,8
PI408028,5,8
PI408029,5,8
PI408033,5,8
PI408036,5,8
PI408039,5,8
PI408057,5,8
PI408058,5,8
PI408062,5,8
PI408064,5,8
PI408065,5,8
PI408069,5,8
PI408071,5,8
PI408072,5,8
PI408073,5,8
PI408075,5,8
PI408089,5,8
PI408090,5,8
PI408097,5,8
PI408103,5,8
PI408108,5,8
PI408111,5,8
PI408114,5,8
PI408116,5,8
PI408119,5,8
PI408128,5,8
PI408130,5,8
PI408132,5,8
PI408133,5,8
PI408136,5,8
PI408170,5,8
PI408171,5,8
PI408172,5,8
PI408173,5,8
PI408174,5,8
PI408175,5,8
PI408178,5,8
PI408179,5,8
PI408187,5,8
PI408189,5,8
PI408194,5,8
PI408198,5,8
PI408199,5,8
PI408210,5,8
PI408214,5,8
PI408227,5,8
PI408230,5,8
PI408231,5,8
PI408232,5,8
PI408235,2,8
PI408236,5,8
PI408237,5,8
PI408245,5,8
PI408249,5,8
PI408256,5,8
PI408258,5,8
PI408261,5,8
PI408263,5,8
PI408264,5,8
PI408271,5,8
PI408273,2,8
PI408275,5,8
PI408277,5,8
PI408280,5,8
PI408284,5,8
PI408287,5,8
PI408288,5,8
PI408289,5,8
PI408290,5,8
PI408291,5,8
PI408292,5,8
PI408299,5,8
PI408300,5,8
PI408301,5,8
PI408302,5,8
PI408306,5,8
PI408309,2,8
PI408314,5,8
PI408316,5,8
PI408320,5,8
PI408321,5,8
PI408329,5,8
PI408333,5,8
PI408334,5,8
PI408338,5,8
PI415074,5,8
PI416748,2,8
PI416749,5,8
PI416750,5,8
PI416752,5,8
PI416753,5,8
PI416755,5,8
PI416756,5,8
PI416762,5,8
PI416763,5,8
PI416772,5,8
PI416773,5,8
PI416774,5,8
PI416779,5,8
PI416784,5,8
PI416786,5,8
PI416789,5,8
PI416791,5,8
PI416801,5,8
PI416802,5,8
PI416816,5,8
PI416817,5,8
PI416818,5,8
PI416822,5,8
PI416823,5,8
PI416829,5,8
PI416830,5,8
PI416831,5,8
PI416832,5,8
PI416833,5,8
PI416835,5,8
PI416837,5,8
PI416839,5,8
PI416840,5,8
PI416841,5,8
PI416842,5,8
PI416846,5,8
PI416852,5,8
PI416853,5,8
PI416854,5,8
PI416855,5,8
PI416856,5,8
PI416857,5,8
PI416858,5,8
PI416859,5,8
PI416862,5,8
PI416863,5,8
PI416864,5,8
PI416865,5,8
PI416866,5,8
PI416869,5,8
PI416870,5,8
PI416872,5,8
PI416875,5,8
PI416879,5,8
PI416882,5,8
PI416884,5,8
PI416888,5,8
PI416889,5,8
PI416891,5,8
PI416892,5,8
PI416896,5,8
PI416897,5,8
PI416898,5,8
PI416902,5,8
PI416905,5,8
PI416913,5,8
PI416914,5,8
PI416916,5,8
PI416917,5,8
PI416918,5,8
PI416919,5,8
PI416920,5,8
PI416929,5,8
PI416934,5,8
PI416936,5,8
PI416939,5,8
PI416941,5,8
PI416942,5,8
PI416943,5,8
PI416945,5,8
PI416950,5,8
PI416952,5,8
PI416953,5,8
PI416954,5,8
PI416956,5,8
PI416958,5,8
PI416959,5,8
PI416965,5,8
PI416966,5,8
PI416967,5,8
PI416968,5,8
PI416971,5,8
PI416972,5,8
PI416983,5,8
PI416984,5,8
PI416986,5,8
PI416987,5,8
PI416988,5,8
PI416989,5,8
PI416990,5,8
PI416991,5,8
PI416992,5,8
PI416993,5,8
PI416994,5,8
PI416995,5,8
PI416996,5,8
PI416997,5,8
PI416998,5,8
PI417001,5,8
PI417002,5,8
PI417003,5,8
PI417004,5,8
PI417005,5,8
PI417006,5,8
PI417007,5,8
PI417010,5,8
PI417015,5,8
PI417017,5,8
PI417018,5,8
PI417019,5,8
PI417020,5,8
PI417021,5,8
PI417022,5,8
PI417023,5,8
PI417027,5,8
PI417028,5,8
PI417029,5,8
PI417030,5,8
PI417032,5,8
PI417035,5,8
PI417042,5,8
PI417044,5,8
PI417045,5,8
PI417050,5,8
PI417051,5,8
PI417054,5,8
PI417056,5,8
PI417057,5,8
PI417060,5,8
PI417062,5,8
PI417064,5,8
PI417065,5,8
PI417066,5,8
PI417067,5,8
PI417070,5,8
PI417071,5,8
PI417072,5,8
PI417075,5,8
PI417077,5,8
PI417079,5,8
PI417082,5,8
PI417087,5,8
PI417091,5,8
PI417092,5,8
PI417094,5,8
PI417096,5,8
PI417100,5,8
PI417101,5,8
PI417107,5,8
PI417137,5,8
PI417138,5,8
PI417140,5,8
PI417142,5,8
PI417145,5,8
PI417147,5,8
PI417148,5,8
PI417151,5,8
PI417152,5,8
PI417154,5,8
PI417160,5,8
PI417161,5,8
PI417162,5,8
PI417163,5,8
PI417167,5,8
PI417168,5,8
PI417170,5,8
PI417171,5,8
PI417173,5,8
PI417174,5,8
PI417175,5,8
PI417176,5,8
PI417177,5,8
PI417178,5,8
PI417180,5,8
PI417183,5,8
PI417185,5,8
PI417186,5,8
PI417189,5,8
PI417191,5,8
PI417192,5,8
PI417195,2,8
PI417198,5,8
PI417199,5,8
PI417200,5,8
PI417201,5,8
PI417202,5,8
PI417207,5,8
PI417214,5,8
PI417217,5,8
PI417218,5,8
PI417219,5,8
PI417225,5,8
PI417229,5,8
PI417230,5,8
PI417231,5,8
PI417232,5,8
PI417233,5,8
PI417238,5,8
PI417239,5,8
PI417241,5,8
PI417242,5,8
PI417243,5,8
PI417244,5,8
PI417245,5,8
PI417246,5,8
PI417248,5,8
PI417249,5,8
PI417254,5,8
PI417255,5,8
PI417257,5,8
PI417268,2,8
PI417269,5,8
PI417274,5,8
PI417276,5,8
PI417278,5,8
PI417279,5,8
PI417282,5,8
PI417283,5,8
PI417285,5,8
PI417287,5,8
PI417291,5,8
PI417292,5,8
PI417293,5,8
PI417297,5,8
PI417298,5,8
PI417301,5,8
PI417302,5,8
PI417303,5,8
PI417304,5,8
PI417305,5,8
PI417315,5,8
PI417321,5,8
PI417323,5,8
PI417325,5,8
PI417328,5,8
PI417333,5,8
PI417334,5,8
PI417336,5,8
PI417338,5,8
PI417339,5,8
PI417340,5,8
PI417343,5,8
PI417344,5,8
PI417349,5,8
PI417353,5,8
PI417354,5,8
PI417361,5,8
PI417362,5,8
PI417364,5,8
PI417367,5,8
PI417368,5,8
PI417371,5,8
PI417380,5,8
PI417382,5,8
PI417384,5,8
PI417393,5,8
PI417397,5,8
PI417398,5,8
PI417400,5,8
PI417412,5,8
PI417413,5,8
PI417417,5,8
PI417424,5,8
PI417425,5,8
PI417429,5,8
PI417431,5,8
PI417432,5,8
PI417433,5,8
PI417434,5,8
PI417435,5,8
PI417436,5,8
PI417437,5,8
PI417447,5,8
PI417452,5,8
PI417454,5,8
PI417455,5,8
PI417456,5,8
PI417457,5,8
PI417459,5,8
PI417460,5,8
PI417461,5,8
PI417468,5,8
PI417471,5,8
PI417479,5,8
PI417480,5,8
PI417482,2,8
PI417485,5,8
PI417487,5,8
PI417488,5,8
PI417495,5,8
PI417520,5,8
PI417526,5,8
PI417559,5,8
PI417573,5,8
PI417574,5,8
PI417576,5,8
PI417577,5,8
PI417578,5,8
PI417580,5,8
PI419043,5,8
PI420338,5,8
PI423705,5,8
PI423721,2,8
PI423725,5,8
PI423729,5,8
PI423731,5,8
PI423733,5,8
PI423734,5,8
PI423735,5,8
PI423737,5,8
PI423739,2,8
PI423740,2,8
PI423741,5,8
PI423744,5,8
PI423746,5,8
PI423749,5,8
PI423750,5,8
PI423757,5,8
PI423763,5,8
PI423765,5,8
PI423766,5,8
PI423768,5,8
PI423770,5,8
PI423771,5,8
PI423776,5,8
PI423777,5,8
PI423778,5,8
PI423779,5,8
PI423783,5,8
PI423784,5,8
PI423787,5,8
PI423788,5,8
PI423789,5,8
PI423790,5,8
PI423791,5,8
PI423792,5,8
PI423793,5,8
PI423794,5,8
PI423795,5,8
PI423797,5,8
PI423800,5,8
PI423802,5,8
PI423803,5,8
PI423809,5,8
PI423811,5,8
PI423812,5,8
PI423813,2,8
PI423815,5,8
PI423816,2,8
PI423818,5,8
PI423819,5,8
PI423825,5,8
PI423829,5,8
PI423835,5,8
PI423836,5,8
PI423838,5,8
PI423839,5,8
PI423841,5,8
PI423842,5,8
PI423843,5,8
PI423846,5,8
PI423848,5,8
PI423850,5,8
PI423851,5,8
PI423858,5,8
PI423865,5,8
PI423870,5,8
PI423871,5,8
PI423877,5,8
PI423881,5,8
PI423883,5,8
PI423884,5,8
PI423885,5,8
PI423888,5,8
PI423889,5,8
PI423892,5,8
PI423893,5,8
PI423896,5,8
PI423899,5,8
PI423902,5,8
PI423910,5,8
PI423926,5,8
PI423927,5,8
PI423929,5,8
PI423932,5,8
PI423933,5,8
PI423935,5,8
PI423936,2,8
PI423938,5,8
PI423939,5,8
PI423940,2,8
PI423941,5,8
PI423945,5,8
PI423946,5,8
PI423950,5,8
PI423951,5,8
PI423952,5,8
PI423973,5,8
PI423974,5,8
PI423975,5,8
PI423977,2,8
PI423979,5,8
PI423980,5,8
PI423983,5,8
PI424005,5,8
PI424024,5,8
PI424078,5,8
PI424134,5,8
PI424135,5,8
PI424140,5,8
PI424143,5,8
PI424149,5,8
PI424150,5,8
PI424151,5,8
PI424152,5,8
PI424153,5,8
PI424158,5,8
PI424160,5,8
PI424162,5,8
PI424165,5,8
PI424167,5,8
PI424173,5,8
PI424175,5,8
PI424177,5,8
PI424180,5,8
PI424181,5,8
PI424184,5,8
PI424189,5,8
PI424201,5,8
PI424211,5,8
PI424215,5,8
PI424216,2,8
PI424223,5,8
PI424224,5,8
PI424225,5,8
PI424226,5,8
PI424228,5,8
PI424230,5,8
PI424231,5,8
PI424233,5,8
PI424235,5,8
PI424236,5,8
PI424238,5,8
PI424239,5,8
PI424241,5,8
PI424243,5,8
PI424244,5,8
PI424245,5,8
PI424246,5,8
PI424252,5,8
PI424253,5,8
PI424254,5,8
PI424256,5,8
PI424258,5,8
PI424259,5,8
PI424260,5,8
PI424261,5,8
PI424262,5,8
PI424263,5,8
PI424264,5,8
PI424265,5,8
PI424266,5,8
PI424267,5,8
PI424268,5,8
PI424271,5,8
PI424275,5,8
PI424276,5,8
PI424279,5,8
PI424280,5,8
PI424282,5,8
PI424283,5,8
PI424286,5,8
PI424287,5,8
PI424288,5,8
PI424289,5,8
PI424291,5,8
PI424292,5,8
PI424293,5,8
PI424295,5,8
PI424297,5,8
PI424298,5,8
PI424301,5,8
PI424302,5,8
PI424303,5,8
PI424305,5,8
PI424306,5,8
PI424307,5,8
PI424308,5,8
PI424310,5,8
PI424311,5,8
PI424312,5,8
PI424313,5,8
PI424314,5,8
PI424315,5,8
PI424316,5,8
PI424317,5,8
PI424318,5,8
PI424319,5,8
PI424320,5,8
PI424321,5,8
PI424322,5,8
PI424323,5,8
PI424326,5,8
PI424327,5,8
PI424328,5,8
PI424329,5,8
PI424330,5,8
PI424332,5,8
PI424336,5,8
PI424338,5,8
PI424339,5,8
PI424343,5,8
PI424344,5,8
PI424345,5,8
PI424346,5,8
PI424350,5,8
PI424351,5,8
PI424352,5,8
PI424353,5,8
PI424354,5,8
PI424355,5,8
PI424356,5,8
PI424358,5,8
PI424359,5,8
PI424366,5,8
PI424367,5,8
PI424369,5,8
PI424372,5,8
PI424373,5,8
PI424374,5,8
PI424377,5,8
PI424379,5,8
PI424380,5,8
PI424381,5,8
PI424382,5,8
PI424383,5,8
PI424384,5,8
PI424385,5,8
PI424387,5,8
PI424388,5,8
PI424389,5,8
PI424395,5,8
PI424396,5,8
PI424397,5,8
PI424399,5,8
PI424400,5,8
PI424401,5,8
PI424403,5,8
PI424407,5,8
PI424408,5,8
PI424409,5,8
PI424410,5,8
PI424411,5,8
PI424412,5,8
PI424413,5,8
PI424414,5,8
PI424419,5,8
PI424420,5,8
PI424421,5,8
PI424422,5,8
PI424423,5,8
PI424424,5,8
PI424425,5,8
PI424426,5,8
PI424427,5,8
PI424428,5,8
PI424429,5,8
PI424430,5,8
PI424431,5,8
PI424432,5,8
PI424435,5,8
PI424436,5,8
PI424443,5,8
PI424449,5,8
PI424450,5,8
PI424452,5,8
PI424454,5,8
PI424458,5,8
PI424459,5,8
PI424460,5,8
PI424463,5,8
PI424465,5,8
PI424466,5,8
PI424467,5,8
PI424468,5,8
PI424469,5,8
PI424470,5,8
PI424471,5,8
PI424476,5,8
PI424477,5,8
PI424479,5,8
PI424483,5,8
PI424485,5,8
PI424486,5,8
PI424490,5,8
PI424492,5,8
PI424494,5,8
PI424495,5,8
PI424497,5,8
PI424498,5,8
PI424500,5,8
PI424503,5,8
PI424505,5,8
PI424506,5,8
PI424509,5,8
PI424511,5,8
PI424512,5,8
PI424513,5,8
PI424516,5,8
PI424518,5,8
PI424519,5,8
PI424520,5,8
PI424522,5,8
PI424524,5,8
PI424525,5,8
PI424527,5,8
PI424528,5,8
PI424529,5,8
PI424530,5,8
PI424531,5,8
PI424532,5,8
PI424533,5,8
PI424536,5,8
PI424537,5,8
PI424538,5,8
PI424539,5,8
PI424540,5,8
PI424541,5,8
PI424542,5,8
PI424543,5,8
PI424544,5,8
PI424545,5,8
PI424547,5,8
PI424548,5,8
PI424550,5,8
PI424552,5,8
PI424554,5,8
PI424556,5,8
PI424557,5,8
PI424559,5,8
PI424561,5,8
PI424563,5,8
PI424564,5,8
PI424565,5,8
PI424566,5,8
PI424567,5,8
PI424568,5,8
PI424570,5,8
PI424571,5,8
PI424572,5,8
PI424573,5,8
PI424574,5,8
PI424575,5,8
PI424579,5,8
PI424580,5,8
PI424581,5,8
PI424582,5,8
PI424583,5,8
PI424584,5,8
PI424587,5,8
PI424588,5,8
PI424592,5,8
PI424596,5,8
PI424597,5,8
PI424599,5,8
PI424600,5,8
PI424604,5,8
PI424607,5,8
PI424609,5,8
PI424610,5,8
PI424612,5,8
PI424613,5,8
PI424614,5,8
PI424615,5,8
PI424617,5,8
PI427106,5,8
PI427136,5,8
PI427137,5,8
PI427139,5,8
PI427140,5,8
PI427142,5,8
PI430595,5,8
PI430596,5,8
PI430597,5,8
PI430599,5,8
PI430619,5,8
PI430620,5,8
PI430622,5,8
PI430623,5,8
PI430624,5,8
PI430625,5,8
PI432359,5,8
PI436562,5,8
PI436684,5,8
PI437080,5,8
PI437084,5,8
PI437087,5,8
PI437089,5,8
PI437093,5,8
PI437099,5,8
PI437103,5,8
PI437104,5,8
PI437111,5,8
PI437114,5,8
PI437120,5,8
PI437122,5,8
PI437124,5,8
PI437128,5,8
PI437130,5,8
PI437131,5,8
PI437143,5,8
PI437151,5,8
PI437164,5,8
PI437308,5,8
PI437309,5,8
PI437317,5,8
PI437321,5,8
PI437322,5,8
PI437323,5,8
PI437324,5,8
PI437325,5,8
PI437326,5,8
PI437328,5,8
PI437331,5,8
PI437335,5,8
PI437337,5,8
PI437338,5,8
PI437341,5,8
PI437345,5,8
PI437346,5,8
PI437347,5,8
PI437355,5,8
PI437356,5,8
PI437357,5,8
PI437358,5,8
PI437359,5,8
PI437360,5,8
PI437361,5,8
PI437362,5,8
PI437364,5,8
PI437365,5,8
PI437367,5,8
PI437369,5,8
PI437371,5,8
PI437374,5,8
PI437377,5,8
PI437382,5,8
PI437383,5,8
PI437386,5,8
PI437387,5,8
PI437388,5,8
PI437390,5,8
PI437391,5,8
PI437392,5,8
PI437393,5,8
PI437396,5,8
PI437397,5,8
PI437399,5,8
PI437400,5,8
PI437401,5,8
PI437402,5,8
PI437403,5,8
PI437404,5,8
PI437407,5,8
PI437409,5,8
PI437410,5,8
PI437412,5,8
PI437415,5,8
PI437416,5,8
PI437417,5,8
PI437422,5,8
PI437424,5,8
PI437426,5,8
PI437430,5,8
PI437431,5,8
PI437433,5,8
PI437435,5,8
PI437438,5,8
PI437440,5,8
PI437441,5,8
PI437444,5,8
PI437446,5,8
PI437447,5,8
PI437448,5,8
PI437451,5,8
PI437453,5,8
PI437454,5,8
PI437455,5,8
PI437456,5,8
PI437457,5,8
PI437459,5,8
PI437460,5,8
PI437461,5,8
PI437464,5,8
PI437465,5,8
PI437466,5,8
PI437467,5,8
PI437470,5,8
PI437472,5,8
PI437475,5,8
PI437476,5,8
PI437478,5,8
PI437479,5,8
PI437480,5,8
PI437482,5,8
PI437484,5,8
PI437485,5,8
PI437487,5,8
PI437488,5,8
PI437489,5,8
PI437493,5,8
PI437494,5,8
PI437495,5,8
PI437497,5,8
PI437505,5,8
PI437513,5,8
PI437517,5,8
PI437525,5,8
PI437535,5,8
PI437554,5,8
PI437563,2,8
PI437568,5,8
PI437569,5,8
PI437572,5,8
PI437574,5,8
PI437576,5,8
PI437578,5,8
PI437580,5,8
PI437581,5,8
PI437585,5,8
PI437589,5,8
PI437592,5,8
PI437601,5,8
PI437602,5,8
PI437604,5,8
PI437606,5,8
PI437617,5,8
PI437618,5,8
PI437626,5,8
PI437627,5,8
PI437631,5,8
PI437639,5,8
PI437644,5,8
PI437647,5,8
PI437652,5,8
PI437653,5,8
PI437654,5,8
PI437655,5,8
PI437656,5,8
PI437657,5,8
PI437662,5,8
PI437663,5,8
PI437664,5,8
PI437669,5,8
PI437672,5,8
PI437674,5,8
PI437679,5,8
PI437683,5,8
PI437684,5,8
PI437686,5,8
PI437689,5,8
PI437690,5,8
PI437697,5,8
PI437698,5,8
PI437699,5,8
PI437703,5,8
PI437707,5,8
PI437709,5,8
PI437710,5,8
PI437715,5,8
PI437718,5,8
PI437722,5,8
PI437724,5,8
PI437725,5,8
PI437728,5,8
PI437743,5,8
PI437745,5,8
PI437748,5,8
PI437749,5,8
PI437751,5,8
PI437765,5,8
PI437770,5,8
PI437776,5,8
PI437777,5,8
PI437787,5,8
PI437789,5,8
PI437790,5,8
PI437791,5,8
PI437792,5,8
PI437793,5,8
PI437794,5,8
PI437795,5,8
PI437797,5,8
PI437798,5,8
PI437799,5,8
PI437800,5,8
PI437801,5,8
PI437802,5,8
PI437803,5,8
PI437804,5,8
PI437805,5,8
PI437806,5,8
PI437810,5,8
PI437811,5,8
PI437817,5,8
PI437820,5,8
PI437825,5,8
PI437827,5,8
PI437828,5,8
PI437836,5,8
PI437838,5,8
PI437841,5,8
PI437842,5,8
PI437850,5,8
PI437865,5,8
PI437870,5,8
PI437871,5,8
PI437873,5,8
PI437874,5,8
PI437876,5,8
PI437879,5,8
PI437880,5,8
PI437881,5,8
PI437883,5,8
PI437884,5,8
PI437885,5,8
PI437889,5,8
PI437891,5,8
PI437893,5,8
PI437894,5,8
PI437896,5,8
PI437897,5,8
PI437898,5,8
PI437899,5,8
PI437900,5,8
PI437903,5,8
PI437904,5,8
PI437908,5,8
PI437913,5,8
PI437916,5,8
PI437919,5,8
PI437921,5,8
PI437926,5,8
PI437931,5,8
PI437932,5,8
PI437935,5,8
PI437940,5,8
PI437943,5,8
PI437944,5,8
PI437950,5,8
PI437954,5,8
PI437961,5,8
PI437970,5,8
PI437973,5,8
PI438001,5,8
PI438003,5,8
PI438011,5,8
PI438046,5,8
PI438047,5,8
PI438057,5,8
PI438061,5,8
PI438066,5,8
PI438070,5,8
PI438073,5,8
PI438075,5,8
PI438076,5,8
PI438079,5,8
PI438080,5,8
PI438083,5,8
PI438084,5,8
PI438085,5,8
PI438086,5,8
PI438096,5,8
PI438098,5,8
PI438101,5,8
PI438102,5,8
PI438103,5,8
PI438104,5,8
PI438114,5,8
PI438129,5,8
PI438130,5,8
PI438131,5,8
PI438132,5,8
PI438139,5,8
PI438144,5,8
PI438152,5,8
PI438153,5,8
PI438167,5,8
PI438168,5,8
PI438173,5,8
PI438175,5,8
PI438176,5,8
PI438177,5,8
PI438178,5,8
PI438183,5,8
PI438185,5,8
PI438186,5,8
PI438192,5,8
PI438194,5,8
PI438197,5,8
PI438198,5,8
PI438199,5,8
PI438214,5,8
PI438216,5,8
PI438219,5,8
PI438222,5,8
PI438223,5,8
PI438226,5,8
PI438227,5,8
PI438228,5,8
PI438229,5,8
PI438235,5,8
PI438236,5,8
PI438237,5,8
PI438242,5,8
PI438244,5,8
PI438251,5,8
PI438258,5,8
PI438261,5,8
PI438262,5,8
PI438263,5,8
PI438270,5,8
PI438274,5,8
PI438281,5,8
PI438286,5,8
PI438287,5,8
PI438290,5,8
PI438295,5,8
PI438296,5,8
PI438298,5,8
PI438299,5,8
PI438300,5,8
PI438301,5,8
PI438303,5,8
PI438307,5,8
PI438310,5,8
PI438311,5,8
PI438312,5,8
PI438314,5,8
PI438315,5,8
PI438325,5,8
PI438329,5,8
PI438332,5,8
PI438333,5,8
PI438335,5,8
PI438338,5,8
PI438341,5,8
PI438345,5,8
PI438346,5,8
PI438383,5,8
PI438391,5,8
PI438409,5,8
PI438414,5,8
PI438427,5,8
PI438434,5,8
PI438437,5,8
PI438450,5,8
PI438484,5,8
PI438485,5,8
PI438486,5,8
PI438487,5,8
PI438488,5,8
PI438491,5,8
PI438495,5,8
PI438497,5,8
PI438498,5,8
PI438499,5,8
PI438500,5,8
PI438501,5,8
PI438505,5,8
PI438506,5,8
PI438508,5,8
PI442005,5,8
PI442006,5,8
PI442008,5,8
PI442010,5,8
PI442011,5,8
PI442013,5,8
PI442016,5,8
PI442018,5,8
PI442019,5,8
PI445796,5,8
PI445814,5,8
PI445844,5,8
PI445845,5,8
PI446893,5,8
PI458018,5,8
PI458019,5,8
PI458020,5,8
PI458021,2,8
PI458022,5,8
PI458023,5,8
PI458026,5,8
PI458029,5,8
PI458030,5,8
PI458031,5,8
PI458034,5,8
PI458035,5,8
PI458036,5,8
PI458037,5,8
PI458038,5,8
PI458039,5,8
PI458040,5,8
PI458041,5,8
PI458042,5,8
PI458043,5,8
PI458046,5,8
PI458047,5,8
PI458049,5,8
PI458050,5,8
PI458052,5,8
PI458055,5,8
PI458056,5,8
PI458057,5,8
PI458063,5,8
PI458064,5,8
PI458066,5,8
PI458071,5,8
PI458075,5,8
PI458077,5,8
PI458078,5,8
PI458079,5,8
PI458080,5,8
PI458082,5,8
PI458084,5,8
PI458086,5,8
PI458087,5,8
PI458088,5,8
PI458089,5,8
PI458095,2,8
PI458098,5,8
PI458101,5,8
PI458103,5,8
PI458104,5,8
PI458105,5,8
PI458106,5,8
PI458109,5,8
PI458110,5,8
PI458111,5,8
PI458113,5,8
PI458114,5,8
PI458115,5,8
PI458116,5,8
PI458117,5,8
PI458118,5,8
PI458119,5,8
PI458120,5,8
PI458121,5,8
PI458125,5,8
PI458129,5,8
PI458131,5,8
PI458132,2,8
PI458134,5,8
PI458135,5,8
PI458136,5,8
PI458137,5,8
PI458138,5,8
PI458139,5,8
PI458140,5,8
PI458141,5,8
PI458142,5,8
PI458144,2,8
PI458145,5,8
PI458147,5,8
PI458148,5,8
PI458149,5,8
PI458151,5,8
PI458152,5,8
PI458156,5,8
PI458157,5,8
PI458158,5,8
PI458160,5,8
PI458163,5,8
PI458165,5,8
PI458166,5,8
PI458176,5,8
PI458177,5,8
PI458178,5,8
PI458179,5,8
PI458181,5,8
PI458184,5,8
PI458188,5,8
PI458190,5,8
PI458191,5,8
PI458194,5,8
PI458195,5,8
PI458197,5,8
PI458199,5,8
PI458201,5,8
PI458204,5,8
PI458205,5,8
PI458207,5,8
PI458208,5,8
PI458209,5,8
PI458216,5,8
PI458217,5,8
PI458221,5,8
PI458222,5,8
PI458224,5,8
PI458226,5,8
PI458227,5,8
PI458229,5,8
PI458231,5,8
PI458232,5,8
PI458233,5,8
PI458234,5,8
PI458235,5,8
PI458237,5,8
PI458247,5,8
PI458248,5,8
PI458249,5,8
PI458252,5,8
PI458254,5,8
PI458255,5,8
PI458259,5,8
PI458262,5,8
PI458266,5,8
PI458269,5,8
PI458276,5,8
PI458277,5,8
PI458280,5,8
PI458282,5,8
PI458286,5,8
PI458287,5,8
PI458288,5,8
PI458290,5,8
PI458294,5,8
PI458295,5,8
PI458296,5,8
PI458298,5,8
PI458299,5,8
PI458301,5,8
PI458302,5,8
PI458303,5,8
PI458304,5,8
PI458505,5,8
PI458506,5,8
PI458507,5,8
PI458509,5,8
PI458510,5,8
PI458511,5,8
PI458512,5,8
PI458515,5,8
PI458517,5,8
PI458520,5,8
PI458521,5,8
PI458522,5,8
PI458828,5,8
PI458829,5,8
PI461419,5,8
PI461508,5,8
PI464877,5,8
PI464878,5,8
PI464879,5,8
PI464880,5,8
PI464884,5,8
PI464887,5,8
PI464893,5,8
PI464894,5,8
PI464899,5,8
PI464901,5,8
PI464904,5,8
PI464905,5,8
PI464909,5,8
PI464912,5,8
PI464913,5,8
PI464916,5,8
PI464917,5,8
PI464921,5,8
PI464922,5,8
PI464924,5,8
PI464931,5,8
PI464940,5,8
PI464941,5,8
PI467310,5,8
PI467312,5,8
PI467316,5,8
PI467325,5,8
PI467326,5,8
PI467327,5,8
PI467329,5,8
PI467330,5,8
PI467331,5,8
PI467332,5,8
PI467337,5,8
PI467338,5,8
PI467340,5,8
PI467341,5,8
PI467347,5,8
PI468381,5,8
PI468384,5,8
PI468385,5,8
PI468903,5,8
PI468914,5,8
PI468915,5,8
PI468919,5,8
PI468923,5,8
PI470221,5,8
PI470222,5,8
PI470223,5,8
PI470224,5,8
PI470225,5,8
PI470226,5,8
PI471899,5,8
PI475784,5,8
PI475785,5,8
PI475810,5,8
PI475814,5,8
PI475815,5,8
PI475816,5,8
PI475818,5,8
PI475819,5,8
PI475820,5,8
PI475823,5,8
PI475826,5,8
PI475828,5,8
PI476344,5,8
PI476880,5,8
PI476881,5,8
PI476887,5,8
PI476899,5,8
PI476911,5,8
PI476914,5,8
PI476922,5,8
PI476936,5,8
PI476938,5,8
PI476939,5,8
PI476942,5,8
PI479711,5,8
PI479713,5,8
PI479717,5,8
PI479720,5,8
PI479721,5,8
PI479722,5,8
PI479723,5,8
PI479727,5,8
PI479729,5,8
PI479730,5,8
PI479732,5,8
PI479735,5,8
PI479737,5,8
PI479738,5,8
PI479740,5,8
PI479741,5,8
PI479742,5,8
PI479743,5,8
PI483084,5,8
PI486353,5,8
PI486355,5,8
PI490765,5,8
PI490766,5,8
PI490767,5,8
PI490768,5,8
PI490769,5,8
PI491548,5,8
PI495020,5,8
PI499957,5,8
PI503333,5,8
PI503334,5,8
PI503338,5,8
PI503340,5,8
PI504480,5,8
PI504481,5,8
PI504482,5,8
PI504486,5,8
PI504487,5,8
PI504488,5,8
PI504489,5,8
PI504490,5,8
PI504493,5,8
PI504496,5,8
PI504497,5,8
PI504498,5,8
PI504500,5,8
PI504501,5,8
PI504503,5,8
PI504504,5,8
PI504508,5,8
PI504509,5,8
PI504812,5,8
PI506420,5,8
PI506476,5,8
PI506477,5,8
PI506478,5,8
PI506479,5,8
PI506480,5,8
PI506481,5,8
PI506482,5,8
PI506498,5,8
PI506511,5,8
PI506515,5,8
PI506516,5,8
PI506519,5,8
PI506520,5,8
PI506521,5,8
PI506523,5,8
PI506524,5,8
PI506525,5,8
PI506526,5,8
PI506527,5,8
PI506528,5,8
PI506529,5,8
PI506560,5,8
PI506562,5,8
PI506563,5,8
PI506572,5,8
PI506573,5,8
PI506574,5,8
PI506576,5,8
PI506587,5,8
PI506588,5,8
PI506592,5,8
PI506596,5,8
PI506601,5,8
PI506602,5,8
PI506610,5,8
PI506631,5,8
PI506634,5,8
PI506635,5,8
PI506637,5,8
PI506641,5,8
PI506642,5,8
PI506652,5,8
PI506654,5,8
PI506655,5,8
PI506657,5,8
PI506658,5,8
PI506661,5,8
PI506663,5,8
PI506669,5,8
PI506671,5,8
PI506673,5,8
PI506674,5,8
PI506681,5,8
PI506685,5,8
PI506692,5,8
PI506693,5,8
PI506698,5,8
PI506699,5,8
PI506701,5,8
PI506703,5,8
PI506705,5,8
PI506709,5,8
PI506710,5,8
PI506715,5,8
PI506716,5,8
PI506720,5,8
PI506721,5,8
PI506722,5,8
PI506723,5,8
PI506724,5,8
PI506726,5,8
PI506727,5,8
PI506728,5,8
PI506731,5,8
PI506732,5,8
PI506734,5,8
PI506758,5,8
PI506759,5,8
PI506765,5,8
PI506766,5,8
PI506769,5,8
PI506770,5,8
PI506771,5,8
PI506779,5,8
PI506782,5,8
PI506784,5,8
PI506785,5,8
PI506787,5,8
PI506788,5,8
PI506789,5,8
PI506790,5,8
PI506799,5,8
PI506803,5,8
PI506808,5,8
PI506809,5,8
PI506814,5,8
PI506815,5,8
PI506816,5,8
PI506818,5,8
PI506819,5,8
PI506820,5,8
PI506821,5,8
PI506823,5,8
PI506825,5,8
PI506833,5,8
PI506836,5,8
PI506837,5,8
PI506839,5,8
PI506841,5,8
PI506842,5,8
PI506843,5,8
PI506847,5,8
PI506848,5,8
PI506849,5,8
PI506850,5,8
PI506852,5,8
PI506853,5,8
PI506855,5,8
PI506857,5,8
PI506858,5,8
PI506859,5,8
PI506860,5,8
PI506862,5,8
PI506863,5,8
PI506865,5,8
PI506866,5,8
PI506867,5,8
PI506868,5,8
PI506869,5,8
PI506870,5,8
PI506872,5,8
PI506873,5,8
PI506874,5,8
PI506876,5,8
PI506881,5,8
PI506883,5,8
PI506887,5,8
PI506892,5,8
PI506894,5,8
PI506896,5,8
PI506897,5,8
PI506900,5,8
PI506901,5,8
PI506903,5,8
PI506906,5,8
PI506911,5,8
PI506912,5,8
PI506913,5,8
PI506916,5,8
PI506917,5,8
PI506918,5,8
PI506920,5,8
PI506927,5,8
PI506928,5,8
PI506929,5,8
PI506930,5,8
PI506931,5,8
PI506932,5,8
PI506933,5,8
PI506935,5,8
PI506937,5,8
PI506942,5,8
PI506943,5,8
PI506945,5,8
PI506951,5,8
PI506954,5,8
PI506973,5,8
PI506982,5,8
PI506987,5,8
PI506989,5,8
PI506992,5,8
PI506993,5,8
PI506994,5,8
PI506995,5,8
PI506998,5,8
PI507015,5,8
PI507016,5,8
PI507019,5,8
PI507021,5,8
PI507022,5,8
PI507025,5,8
PI507026,5,8
PI507027,5,8
PI507028,5,8
PI507029,5,8
PI507047,5,8
PI507051,5,8
PI507053,5,8
PI507054,5,8
PI507060,5,8
PI507061,5,8
PI507063,5,8
PI507064,5,8
PI507065,5,8
PI507066,5,8
PI507067,5,8
PI507072,5,8
PI507073,5,8
PI507080,5,8
PI507086,5,8
PI507090,5,8
PI507091,5,8
PI507092,5,8
PI507093,5,8
PI507094,5,8
PI507097,5,8
PI507100,5,8
PI507104,5,8
PI507106,5,8
PI507107,5,8
PI507108,5,8
PI507123,5,8
PI507125,5,8
PI507130,5,8
PI507131,5,8
PI507133,5,8
PI507134,5,8
PI507141,5,8
PI507145,5,8
PI507147,5,8
PI507148,5,8
PI507149,5,8
PI507150,5,8
PI507151,5,8
PI507152,5,8
PI507153,5,8
PI507155,5,8
PI507158,5,8
PI507160,5,8
PI507162,5,8
PI507163,5,8
PI507164,5,8
PI507165,5,8
PI507166,5,8
PI507168,5,8
PI507169,5,8
PI507171,5,8
PI507172,5,8
PI507173,5,8
PI507174,5,8
PI507175,5,8
PI507176,5,8
PI507178,5,8
PI507179,5,8
PI507180,5,8
PI507181,5,8
PI507182,5,8
PI507188,5,8
PI507190,5,8
PI507191,5,8
PI507195,5,8
PI507196,5,8
PI507198,5,8
PI507199,5,8
PI507200,5,8
PI507204,5,8
PI507213,5,8
PI507221,2,8
PI507222,5,8
PI507237,5,8
PI507238,5,8
PI507239,5,8
PI507240,5,8
PI507241,5,8
PI507244,5,8
PI507245,5,8
PI507248,5,8
PI507253,5,8
PI507255,5,8
PI507265,5,8
PI507267,5,8
PI507268,5,8
PI507271,5,8
PI507272,5,8
PI507273,5,8
PI507277,5,8
PI507279,5,8
PI507280,5,8
PI507281,5,8
PI507282,5,8
PI507291,5,8
PI507295,5,8
PI507296,5,8
PI507297,5,8
PI507303,5,8
PI507309,5,8
PI507311,5,8
PI507312,5,8
PI507313,5,8
PI507316,5,8
PI507317,5,8
PI507318,5,8
PI507323,5,8
PI507325,5,8
PI507332,5,8
PI507334,5,8
PI507339,5,8
PI507341,5,8
PI507344,5,8
PI507347,5,8
PI507348,5,8
PI507349,5,8
PI507352,5,8
PI507353,5,8
PI507362,5,8
PI507363,5,8
PI507364,5,8
PI507365,5,8
PI507366,5,8
PI507367,5,8
PI507368,5,8
PI507369,5,8
PI507370,5,8
PI507379,5,8
PI507382,5,8
PI507383,5,8
PI507384,5,8
PI507385,5,8
PI507386,5,8
PI507387,5,8
PI507390,5,8
PI507392,5,8
PI507395,5,8
PI507396,5,8
PI507398,5,8
PI507400,5,8
PI507404,5,8
PI507405,5,8
PI507407,5,8
PI507408,5,8
PI507411,5,8
PI507412,5,8
PI507413,5,8
PI507415,5,8
PI507418,5,8
PI507419,5,8
PI507424,5,8
PI507425,5,8
PI507429,5,8
PI507430,5,8
PI507431,5,8
PI507432,5,8
PI507434,5,8
PI507435,5,8
PI507436,5,8
PI507439,5,8
PI507440,5,8
PI507443,5,8
PI507445,5,8
PI507446,5,8
PI507447,5,8
PI507448,5,8
PI507449,5,8
PI507455,5,8
PI507456,5,8
PI507458,5,8
PI507460,5,8
PI507461,5,8
PI507464,5,8
PI507465,5,8
PI507466,5,8
PI507467,5,8
PI507468,5,8
PI507471,5,8
PI507473,5,8
PI507480,5,8
PI507481,5,8
PI507483,5,8
PI507487,5,8
PI507491,5,8
PI507492,5,8
PI507493,5,8
PI507494,5,8
PI507501,5,8
PI507502,5,8
PI507515,5,8
PI507516,5,8
PI507517,5,8
PI507519,5,8
PI507520,5,8
PI507523,5,8
PI507526,5,8
PI507527,5,8
PI507528,5,8
PI507530,5,8
PI507531,2,8
PI507535,5,8
PI507540,5,8
PI507541,5,8
PI507543,5,8
PI507544,5,8
PI507548,5,8
PI507552,5,8
PI507553,5,8
PI507554,5,8
PI507555,5,8
PI507563,5,8
PI507564,5,8
PI507569,5,8
PI507570,5,8
PI507571,5,8
PI507573,5,8
PI507671,5,8
PI507676,5,8
PI507684,5,8
PI507694,5,8
PI507699,5,8
PI507707,5,8
PI507708,5,8
PI507716,5,8
PI508293,5,8
PI509075,5,8
PI509079,5,8
PI509083,5,8
PI509085,5,8
PI509087,5,8
PI509088,5,8
PI509089,5,8
PI509105,5,8
PI509107,5,8
PI509111,5,8
PI509112,5,8
PI518283,5,8
PI518287,5,8
PI518290,5,8
PI518708,5,8
PI518711,2,8
PI518712,5,8
PI518715,5,8
PI518716,5,8
PI518719,5,8
PI518720,5,8
PI518751,5,8
PI518757,5,8
PI522191,5,8
PI524993,5,8
PI525492,5,8
PI532434,5,8
PI532437,5,8
PI532442,5,8
PI532443,5,8
PI532448,5,8
PI532456,5,8
PI532457,5,8
PI532459,5,8
PI532464,5,8
PI532465,5,8
PI532472,5,8
PI532473,5,8
PI538375,5,8
PI538376,5,8
PI538377,5,8
PI538378,5,8
PI538380,5,8
PI538381,5,8
PI538382,5,8
PI538383,5,8
PI538387,5,8
PI538389,5,8
PI538390,5,8
PI538394,5,8
PI538397,5,8
PI538400,5,8
PI549017,5,8
PI549022,5,8
PI549029,5,8
PI549031,5,8
PI549040,5,8
PI549043,5,8
PI549053,5,8
PI549056,5,8
PI549058,5,8
PI549063,5,8
PI549064,5,8
PI549065,5,8
PI549071,5,8
PI556948,5,8
PI556949,5,8
PI556950,5,8
PI561230,5,8
PI561240,5,8
PI561288,5,8
PI561289,5,8
PI561293,5,8
PI561297,5,8
PI561298,5,8
PI561303,5,8
PI561310,5,8
PI561312,5,8
PI561313,5,8
PI561316,5,8
PI561320,5,8
PI561321,5,8
PI561322,5,8
PI561323,5,8
PI561324,5,8
PI561325,5,8
PI561326,5,8
PI561328,5,8
PI561329,5,8
PI561334,5,8
PI561335,5,8
PI561336,5,8
PI561339,5,8
PI561340,5,8
PI561347,5,8
PI561349,5,8
PI561364,5,8
PI561365,5,8
PI561370,5,8
PI561371,5,8
PI561394,5,8
PI567004,5,8
PI567153,5,8
PI567160,5,8
PI567161,5,8
PI567162,5,8
PI567166,5,8
PI567168,5,8
PI567197,5,8
PI567198,5,8
PI567199,5,8
PI567202,5,8
PI567237,5,8
PI567239,5,8
PI567240,5,8
PI567241,5,8
PI567243,5,8
PI567244,5,8
PI567245,5,8
PI567246,5,8
PI567247,5,8
PI567248,5,8
PI567249,5,8
PI567251,5,8
PI567252,5,8
PI567253,5,8
PI567254,5,8
PI567258,5,8
PI567259,5,8
PI567260,5,8
PI567263,5,8
PI567265,5,8
PI567275,5,8
PI567276,5,8
PI567277,5,8
PI567278,5,8
PI567280,2,8
PI573008,5,8
PI574477,5,8
PI574481,5,8
PI574482,5,8
PI574483,5,8
PI574484,5,8
PI574485,5,8
PI574486,5,8
PI577798,5,8
PI578057,5,8
PI578360,5,8
PI578362,5,8
PI578363,5,8
PI578364,5,8
PI578365,5,8
PI578366,5,8
PI578367,5,8
PI578368,5,8
PI578369,5,8
PI578370,5,8
PI578376,5,8
PI578378,5,8
PI578379,5,8
PI578383,5,8
PI578390,5,8
PI578399,5,8
PI578402,5,8
PI578403,5,8
PI578405,5,8
PI578406,5,8
PI578410,5,8
PI578411,5,8
PI578412,5,8
PI578413,5,8
PI578414,5,8
PI578416,5,8
PI578439,5,8
PI578440,5,8
PI578479,5,8
PI578486,5,8
PI578490,5,8
PI578492,5,8
PI578493,5,8
PI578495,5,8
PI578500,5,8
PI578502,5,8
PI578504,5,8
PI578505,2,8
PI583366,5,8
PI583835,5,8
PI583837,5,8
PI584441,5,8
PI584469,5,8
PI584470,5,8
PI586980,5,8
PI586981,5,8
PI587185,5,8
PI590931,5,8
PI590932,5,8
PI592901,5,8
PI592908,5,8
PI592910,5,8
PI592913,5,8
PI592927,5,8
PI592928,5,8
PI592929,5,8
PI592930,5,8
PI592932,5,8
PI592933,5,8
PI592934,5,8
PI592935,5,8
PI592936,5,8
PI592937,5,8
PI592938,5,8
PI592939,5,8
PI592940,5,8
PI592941,5,8
PI592942,5,8
PI592944,5,8
PI592945,5,8
PI592946,5,8
PI592947,5,8
PI592948,5,8
PI592949,5,8
PI592950,5,8
PI592951,5,8
PI592952,5,8
PI592953,5,8
PI592954,5,8
PI592959,5,8
PI592968,5,8
PI592969,5,8
PI592971,5,8
PI592972,5,8
PI592973,5,8
PI592974,5,8
PI592978,5,8
PI592979,5,8
PI592980,5,8
PI592981,5,8
PI593256,5,8
PI593258,5,8
PI593259,5,8
PI593463,5,8
PI593654,5,8
PI593958,5,8
PI593959,5,8
PI593960,5,8
PI593962,5,8
PI593963,5,8
PI593964,5,8
PI593966,5,8
PI594001,5,8
PI594010,5,8
PI594011,5,8
PI594018,5,8
PI594019,5,8
PI594020,5,8
PI594022,5,8
PI594146,5,8
PI594148,5,8
PI594153,5,8
PI594156,5,8
PI594158,5,8
PI594160,5,8
PI594164,5,8
PI594166,5,8
PI594167,5,8
PI594188,5,8
PI594208,5,8
PI594215,5,8
PI594235,5,8
PI594238,5,8
PI594247,5,8
PI594250,5,8
PI594254,5,8
PI594255,5,8
PI594282,5,8
PI594283,5,8
PI594286,5,8
PI594288,5,8
PI594289,5,8
PI594295,5,8
PI594297,5,8
PI594298,5,8
PI594308,5,8
PI594901,5,8
PI594902,5,8
PI595081,5,8
PI595363,5,8
PI595753,5,8
PI595754,5,8
PI595843,5,8
PI595926,5,8
PI596407,5,8
PI597381,5,8
PI597382,5,8
PI597386,5,8
PI597387,5,8
PI597408,5,8
PI597412,5,8
PI597413,5,8
PI597441,5,8
PI597464,5,8
PI597474,5,8
PI597477,5,8
PI597479,5,8
PI597481,5,8
PI597482,5,8
PI597483,5,8
PI597484,5,8
PI597485,5,8
PI597486,5,8
PI598124,5,8
PI598222,5,8
PI599509,5,8
PI602059,5,8
PI602060,5,8
PI602490,5,8
PI602491,5,8
PI602492,5,8
PI602499,5,8
PI602501,5,8
PI602993,5,8
PI603155,5,8
PI603156,5,8
PI603157,5,8
PI603158,5,8
PI603159,5,8
PI603160,5,8
PI603162,5,8
PI603166,5,8
PI603167,5,8
PI603168,5,8
PI603170,5,8
PI603171,5,8
PI603172,5,8
PI603175,5,8
PI603303,5,8
PI603333,5,8
PI603336,5,8
PI603340,5,8
PI603347,5,8
PI603364,5,8
PI603365,5,8
PI603366,5,8
PI603368,5,8
PI603370,5,8
PI603372,5,8
PI603374,5,8
PI603384,5,8
PI603385,5,8
PI603386,5,8
PI603387,5,8
PI603389,5,8
PI603391,5,8
PI603392,5,8
PI603393,5,8
PI603394,5,8
PI603395,5,8
PI603396,5,8
PI603397,5,8
PI603399,5,8
PI603401,5,8
PI603402,5,8
PI603403,5,8
PI603404,5,8
PI603406,5,8
PI603407,5,8
PI603409,5,8
PI603410,5,8
PI603411,5,8
PI603413,5,8
PI603414,5,8
PI603415,5,8
PI603416,5,8
PI603417,5,8
PI603420,5,8
PI603425,5,8
PI603434,5,8
PI603441,5,8
PI603442,5,8
PI603446,5,8
PI603448,5,8
PI603449,5,8
PI603450,5,8
PI603452,5,8
PI603453,5,8
PI603454,5,8
PI603456,5,8
PI603459,5,8
PI603460,5,8
PI603462,5,8
PI603463,5,8
PI603464,5,8
PI603467,5,8
PI603468,5,8
PI603469,5,8
PI603470,5,8
PI603471,5,8
PI603473,5,8
PI603474,5,8
PI603475,5,8
PI603476,5,8
PI603478,5,8
PI603480,5,8
PI603481,5,8
PI603482,5,8
PI603483,5,8
PI603484,5,8
PI603485,5,8
PI603486,5,8
PI603488,5,8
PI603489,5,8
PI603490,5,8
PI603491,5,8
PI603492,5,8
PI603493,5,8
PI603494,5,8
PI603497,5,8
PI603501,5,8
PI603504,5,8
PI603505,5,8
PI603515,5,8
PI603526,5,8
PI603533,5,8
PI603542,5,8
PI603547,5,8
PI603549,5,8
PI603550,5,8
PI603552,5,8
PI603553,5,8
PI603555,5,8
PI603556,5,8
PI603557,5,8
PI603558,5,8
PI603559,5,8
PI603560,5,8
PI603568,5,8
PI603574,5,8
PI603575,5,8
PI603579,5,8
PI603582,5,8
PI603583,5,8
PI603586,5,8
PI603589,5,8
PI603592,5,8
PI603593,5,8
PI603596,5,8
PI603597,5,8
PI603612,5,8
PI603613,5,8
PI603620,5,8
PI603623,5,8
PI603645,5,8
PI603647,5,8
PI603648,5,8
PI603653,5,8
PI603654,5,8
PI603655,5,8
PI603656,5,8
PI603658,5,8
PI603660,5,8
PI603663,5,8
PI603664,5,8
PI603670,5,8
PI603671,5,8
PI603674,5,8
PI603675,5,8
PI603676,5,8
PI603679,5,8
PI603682,5,8
PI603683,5,8
PI603684,5,8
PI603686,5,8
PI603690,2,8
PI603691,5,8
PI603692,5,8
PI603707,5,8
PI603715,5,8
PI603716,5,8
PI603717,5,8
PI603721,5,8
PI603723,5,8
PI603725,5,8
PI603726,5,8
PI603728,5,8
PI603729,5,8
PI603738,5,8
PI603744,5,8
PI603745,5,8
PI603746,2,8
PI603747,5,8
PI603748,5,8
PI603749,5,8
PI603752,5,8
PI603756,5,8
PI603760,5,8
PI603908,5,8
PI603912,5,8
PI603914,5,8
PI603916,5,8
PI603917,5,8
PI604100,5,8
PI606748,5,8
PI610670,5,8
PI610671,5,8
PI611112,5,8
PI612930,5,8
PI612931,5,8
PI612932,5,8
FC003654N,5,9
FC004002B,5,9
FC004002N,5,9
FC004007A,5,9
FC004007B,5,9
PI068609A,5,9
PI068609B,5,9
PI081029N,5,9
PI082312N,5,9
PI083881A,5,9
PI084669N,5,9
PI084683A,5,9
PI084987A,5,9
PI086109B,5,9
PI086138R,5,9
PI088293A,5,9
PI088820N,5,9
PI089061N,5,9
PI090479P,5,9
PI090495N,5,9
PI091108N,5,9
PI092641B,5,9
PI093565A,5,9
PI094159B,5,9
PI096169B,5,9
PI096194P,5,9
PI103419B,5,9
PI123577B,5,9
PI157487B,5,9
PI159923B,5,9
PI248509B,5,9
PI253650A,5,9
PI253650B,5,9
PI253651A,5,9
PI253651B,5,9
PI253651C,5,9
PI253651D,5,9
PI253652A,5,9
PI253652B,5,9
PI253653A,5,9
PI253653B,5,9
PI253656A,5,9
PI253656B,5,9
PI253660A,5,9
PI253660B,5,9
PI253661A,5,9
PI253661B,5,9
PI253661C,5,9
PI253665A,5,9
PI253665B,5,9
PI253665C,5,9
PI253665D,5,9
PI253666A,5,9
PI253666B,5,9
PI266085A,5,9
PI266085B,5,9
PI266085C,5,9
PI266806A,5,9
PI266806B,5,9
PI266806C,5,9
PI266806D,5,9
PI266807A,5,9
PI266807B,5,9
PI266807D,5,9
PI273483A,5,9
PI273483B,5,9
PI273483C,5,9
PI273483D,5,9
PI273483E,5,9
PI273483F,5,9
PI290126B,5,9
PI291293A,5,9
PI291293B,5,9
PI291302A,5,9
PI291302B,5,9
PI291302C,5,9
PI291306A,5,9
PI291306B,5,9
PI291309A,5,9
PI291309B,5,9
PI291309D,5,9
PI291310B,5,9
PI291310C,5,9
PI317334B,5,9
PI323586B,5,9
PI339864A,5,9
PI339865A,5,9
PI339865B,5,9
PI339868B,5,9
PI339868C,5,9
PI339868D,5,9
PI339868E,5,9
PI339868F,5,9
PI340021A,5,9
PI340031A,5,9
PI340053A,5,9
PI340053B,5,9
PI347539A,5,9
PI347539B,5,9
PI358317B,5,9
PI358318A,5,9
PI361062B,5,9
PI361065B,5,9
PI361112B,5,9
PI370057B,5,9
PI372404C,5,9
PI372415A,5,9
PI372415B,5,9
PI372416B,5,9
PI378670B,5,9
PI378682A,5,9
PI378682B,5,9
PI378682C,5,9
PI379559C,5,9
PI379559D,5,9
PI379562A,5,9
PI379562B,5,9
PI391581A,5,9
PI393541A,5,9
PI393541B,5,9
PI404160A,5,9
PI404160B,5,9
PI404169B,5,9
PI404173A,5,9
PI404173B,5,9
PI404179A,5,9
PI404179B,5,9
PI404188A,5,9
PI404188B,5,9
PI404196A,5,9
PI404196B,5,9
PI404198A,5,9
PI404198B,5,9
PI407655B,2,9
PI407655C,5,9
PI407658A,5,9
PI407658B,5,9
PI407658C,5,9
PI407659A,5,9
PI407659B,5,9
PI407706B,5,9
PI407711A,5,9
PI407711B,5,9
PI407772A,5,9
PI407772B,5,9
PI407773A,5,9
PI407773B,5,9
PI407778A,5,9
PI407778B,5,9
PI407778C,5,9
PI407781A,5,9
PI407781B,5,9
PI407786A,5,9
PI407788A,5,9
PI407788B,5,9
PI407795A,5,9
PI407795B,5,9
PI407805A,5,9
PI407805B,5,9
PI407805C,5,9
PI407805D,5,9
PI407806A,5,9
PI407806B,5,9
PI407818A,5,9
PI407818B,5,9
PI407821A,5,9
PI407832A,5,9
PI407832B,5,9
PI407833A,5,9
PI407845A,5,9
PI407845B,5,9
PI407861A,5,9
PI407861B,5,9
PI407861C,5,9
PI407867A,5,9
PI407867B,5,9
PI407868A,5,9
PI407868B,5,9
PI407869A,5,9
PI407869B,5,9
PI407872A,5,9
PI407872C,5,9
PI407875A,5,9
PI407875B,5,9
PI407877A,5,9
PI407877B,5,9
PI407892A,5,9
PI407892C,5,9
PI407898A,5,9
PI407902A,5,9
PI407902B,5,9
PI407903A,5,9
PI407903B,5,9
PI407907A,5,9
PI407907B,5,9
PI407913A,5,9
PI407913B,5,9
PI407914A,5,9
PI407914B,5,9
PI407914C,5,9
PI407914D,5,9
PI407918A,5,9
PI407918B,5,9
PI407926A,5,9
PI407926B,5,9
PI407927A,5,9
PI407927B,5,9
PI407932A,5,9
PI407932B,5,9
PI407939A,5,9
PI407939B,5,9
PI407952A,5,9
PI407952B,5,9
PI407959A,5,9
PI407959B,5,9
PI407960A,5,9
PI407960B,5,9
PI407966A,5,9
PI407966B,5,9
PI407972A,5,9
PI407972B,5,9
PI407972C,5,9
PI407973A,5,9
PI407974A,5,9
PI407974B,5,9
PI407975A,5,9
PI407976A,5,9
PI407976B,5,9
PI407981A,5,9
PI407981B,5,9
PI407981C,5,9
PI407986A,5,9
PI407988A,5,9
PI407988B,5,9
PI407998A,5,9
PI407998C,5,9
PI408016A,5,9
PI408016B,5,9
PI408019A,5,9
PI408019B,5,9
PI408019C,5,9
PI408020A,5,9
PI408020B,5,9
PI408020C,5,9
PI408020D,5,9
PI408032A,5,9
PI408032B,5,9
PI408048A,5,9
PI408048B,5,9
PI408050A,5,9
PI408050B,5,9
PI408052A,5,9
PI408052B,5,9
PI408052C,5,9
PI408055A,5,9
PI408055B,5,9
PI408055C,5,9
PI408066A,5,9
PI408067A,5,9
PI408068A,5,9
PI408068B,5,9
PI408070A,5,9
PI408070B,5,9
PI408074A,5,9
PI408074B,5,9
PI408074C,5,9
PI408076A,5,9
PI408076B,5,9
PI408079A,5,9
PI408083A,5,9
PI408084B,5,9
PI408092A,5,9
PI408092B,5,9
PI408095A,5,9
PI408095B,5,9
PI408100B,5,9
PI408105A,5,9
PI408105B,5,9
PI408109A,2,9
PI408110A,5,9
PI408124A,5,9
PI408124B,5,9
PI408124C,5,9
PI408124D,5,9
PI408125A,5,9
PI408125B,5,9
PI408126A,5,9
PI408126B,5,9
PI408131A,5,9
PI408131B,5,9
PI408134A,5,9
PI408135A,5,9
PI408135B,5,9
PI408137A,5,9
PI408137B,5,9
PI408138A,5,9
PI408138B,5,9
PI408138C,5,9
PI408138D,5,9
PI408140A,5,9
PI408140B,5,9
PI408166A,5,9
PI408166B,5,9
PI408169A,5,9
PI408169B,5,9
PI408169D,5,9
PI408181A,5,9
PI408181D,5,9
PI408184A,5,9
PI408186B,5,9
PI408196A,5,9
PI408196B,5,9
PI408197A,5,9
PI408197B,5,9
PI408200A,5,9
PI408201A,5,9
PI408201B,5,9
PI408203A,5,9
PI408203B,5,9
PI408209A,5,9
PI408209B,5,9
PI408209C,5,9
PI408211A,5,9
PI408211B,5,9
PI408212A,5,9
PI408212B,5,9
PI408215A,5,9
PI408216A,5,9
PI408216B,5,9
PI408217A,5,9
PI408217B,5,9
PI408217C,5,9
PI408221A,5,9
PI408221B,5,9
PI408222A,5,9
PI408222B,5,9
PI408222C,5,9
PI408224A,5,9
PI408224B,5,9
PI408225A,5,9
PI408225B,5,9
PI408226A,5,9
PI408228B,5,9
PI408229A,5,9
PI408229C,5,9
PI408233A,5,9
PI408233B,5,9
PI408234A,5,9
PI408234B,5,9
PI408248A,5,9
PI408248B,5,9
PI408255A,5,9
PI408255B,5,9
PI408259A,5,9
PI408260A,5,9
PI408260B,5,9
PI408260C,5,9
PI408262A,5,9
PI408262B,5,9
PI408262C,5,9
PI408262D,5,9
PI408265A,5,9
PI408265B,5,9
PI408269A,5,9
PI408269B,5,9
PI408269D,5,9
PI408270A,5,9
PI408270B,5,9
PI408272A,5,9
PI408272B,5,9
PI408272C,5,9
PI408281A,5,9
PI408281B,5,9
PI408285A,5,9
PI408285B,5,9
PI408294A,5,9
PI408295A,5,9
PI408295B,5,9
PI408296A,5,9
PI408298A,5,9
PI408298B,5,9
PI408307A,5,9
PI408307C,5,9
PI408310A,5,9
PI408310B,5,9
PI408312A,5,9
PI408312B,5,9
PI408315A,5,9
PI408315B,5,9
PI408318A,5,9
PI408319A,5,9
PI408319B,5,9
PI408319C,5,9
PI408327A,5,9
PI408332A,5,9
PI408335A,5,9
PI408335B,5,9
PI415073B,5,9
PI416769A,5,9
PI416769B,5,9
PI416769C,5,9
PI416868A,5,9
PI416868B,5,9
PI416904A,5,9
PI416904B,5,9
PI417033A,5,9
PI417033B,5,9
PI417040A,5,9
PI417040B,5,9
PI417086A,5,9
PI417086B,5,9
PI417102A,5,9
PI417102B,5,9
PI417135A,5,9
PI417179A,5,9
PI417179B,5,9
PI417309A,5,9
PI417324A,5,9
PI417324B,5,9
PI417345A,5,9
PI417345B,5,9
PI417355A,5,9
PI417355B,5,9
PI417414B,5,9
PI417472A,5,9
PI417472B,5,9
PI417472C,5,9
PI423728A,5,9
PI423728B,5,9
PI423730A,5,9
PI423730B,5,9
PI423736A,5,9
PI423747A,5,9
PI423747B,5,9
PI423748A,5,9
PI423748B,2,9
PI423748C,5,9
PI423752A,5,9
PI423752B,5,9
PI423753A,5,9
PI423753B,5,9
PI423756A,5,9
PI423756B,5,9
PI423769A,5,9
PI423769B,5,9
PI423796A,5,9
PI423796B,5,9
PI423798A,5,9
PI423798B,5,9
PI423799A,5,9
PI423799B,5,9
PI423808A,5,9
PI423808B,5,9
PI423814A,5,9
PI423814B,5,9
PI423826A,5,9
PI423826B,5,9
PI423826C,5,9
PI423827A,5,9
PI423830A,5,9
PI423830B,5,9
PI423833A,5,9
PI423833B,5,9
PI423837A,5,9
PI423845A,5,9
PI423845B,5,9
PI423863A,5,9
PI423863B,5,9
PI423882A,5,9
PI423882B,5,9
PI423890A,5,9
PI423890B,5,9
PI423890C,5,9
PI423914A,5,9
PI423930A,5,9
PI423948A,5,9
PI423948B,5,9
PI423987B,5,9
PI424154A,5,9
PI424154B,5,9
PI424155A,5,9
PI424155B,5,9
PI424156A,5,9
PI424159A,5,9
PI424159B,5,9
PI424159C,5,9
PI424164A,5,9
PI424168A,5,9
PI424168B,5,9
PI424168C,5,9
PI424169A,5,9
PI424169B,5,9
PI424171A,5,9
PI424171B,5,9
PI424172A,5,9
PI424179A,5,9
PI424179B,5,9
PI424188A,5,9
PI424188B,5,9
PI424192A,5,9
PI424192B,5,9
PI424214A,5,9
PI424214B,5,9
PI424214C,5,9
PI424217A,5,9
PI424217B,5,9
PI424219A,5,9
PI424219B,5,9
PI424220A,5,9
PI424220B,5,9
PI424221A,5,9
PI424221B,2,9
PI424222A,5,9
PI424227A,5,9
PI424227B,5,9
PI424229A,5,9
PI424229B,5,9
PI424232A,5,9
PI424232B,5,9
PI424234A,5,9
PI424234B,5,9
PI424234C,5,9
PI424237A,5,9
PI424247A,5,9
PI424247B,5,9
PI424249A,5,9
PI424249B,5,9
PI424249C,5,9
PI424249D,5,9
PI424249E,5,9
PI424250A,5,9
PI424250B,5,9
PI424251A,5,9
PI424255A,5,9
PI424255B,5,9
PI424255C,5,9
PI424257A,5,9
PI424257B,5,9
PI424269A,5,9
PI424270A,5,9
PI424270B,5,9
PI424270C,5,9
PI424272A,5,9
PI424272B,5,9
PI424273A,5,9
PI424273B,5,9
PI424274A,5,9
PI424274B,5,9
PI424277A,5,9
PI424277B,5,9
PI424278A,5,9
PI424278B,5,9
PI424281A,2,9
PI424281B,5,9
PI424284A,5,9
PI424284B,5,9
PI424285A,5,9
PI424285B,5,9
PI424285C,5,9
PI424285D,5,9
PI424294A,5,9
PI424294B,5,9
PI424296A,5,9
PI424296B,5,9
PI424299A,5,9
PI424299B,5,9
PI424299C,5,9
PI424300A,5,9
PI424309A,5,9
PI424324A,5,9
PI424335A,5,9
PI424335B,5,9
PI424342A,5,9
PI424342B,5,9
PI424347A,5,9
PI424347B,5,9
PI424348A,5,9
PI424348B,5,9
PI424348C,5,9
PI424349A,5,9
PI424349B,5,9
PI424349C,5,9
PI424357A,5,9
PI424357B,5,9
PI424364A,5,9
PI424364B,5,9
PI424368A,5,9
PI424368B,5,9
PI424370A,5,9
PI424370B,5,9
PI424386A,5,9
PI424386B,5,9
PI424402A,5,9
PI424402B,5,9
PI424405A,5,9
PI424405B,5,9
PI424405C,5,9
PI424406A,5,9
PI424406B,5,9
PI424444A,5,9
PI424444B,5,9
PI424444C,5,9
PI424462A,5,9
PI424462B,5,9
PI424462C,5,9
PI424472A,5,9
PI424472B,5,9
PI424481A,5,9
PI424481B,5,9
PI424484A,5,9
PI424484B,5,9
PI424487A,5,9
PI424487B,5,9
PI424488A,5,9
PI424488B,5,9
PI424489A,5,9
PI424489B,5,9
PI424491A,5,9
PI424493A,5,9
PI424499A,5,9
PI424499B,5,9
PI424499C,5,9
PI424499D,5,9
PI424504A,5,9
PI424504B,5,9
PI424517A,5,9
PI424517B,5,9
PI424521A,5,9
PI424523A,5,9
PI424523B,5,9
PI424535A,5,9
PI424535B,5,9
PI424546A,5,9
PI424546B,5,9
PI424549A,5,9
PI424549B,5,9
PI424555A,5,9
PI424555B,5,9
PI424558A,5,9
PI424569A,5,9
PI424569B,5,9
PI424590A,5,9
PI424590B,5,9
PI424605A,5,9
PI424608A,5,9
PI424608B,5,9
PI424611A,5,9
PI424611B,5,9
PI427088C,5,9
PI427088D,5,9
PI427088E,5,9
PI427088F,5,9
PI427088G,5,9
PI427088H,5,9
PI427088I,5,9
PI427088J,5,9
PI427105A,5,9
PI427105B,5,9
PI427107A,5,9
PI427107B,5,9
PI427107C,5,9
PI430598A,5,9
PI430598B,5,9
PI437105D,5,9
PI437109B,5,9
PI437109C,5,9
PI437110A,5,9
PI437110B,5,9
PI437112A,5,9
PI437112B,5,9
PI437118B,5,9
PI437121B,5,9
PI437126A,5,9
PI437127A,5,9
PI437127B,5,9
PI437129A,5,9
PI437129B,5,9
PI437135B,5,9
PI437145B,5,9
PI437153B,5,9
PI437165B,5,9
PI437169B,5,9
PI437306B,5,9
PI437311A,5,9
PI437311B,5,9
PI437340B,5,9
PI437340C,5,9
PI437344D,5,9
PI437375A,5,9
PI437375B,5,9
PI437378B,5,9
PI437378C,5,9
PI437381D,5,9
PI437389C,5,9
PI437419B,5,9
PI437420A,5,9
PI437420B,5,9
PI437420C,5,9
PI437427A,5,9
PI437427B,5,9
PI437427C,5,9
PI437428B,5,9
PI437432B,5,9
PI437434A,5,9
PI437434B,5,9
PI437437A,5,9
PI437437B,5,9
PI437452B,5,9
PI437458A,5,9
PI437458B,5,9
PI437462A,5,9
PI437462B,5,9
PI437462C,5,9
PI437462D,5,9
PI437463A,5,9
PI437463B,5,9
PI437477B,5,9
PI437500B,5,9
PI437500C,5,9
PI437515A,5,9
PI437515B,5,9
PI437520A,5,9
PI437520B,5,9
PI437550A,5,9
PI437550B,5,9
PI437550C,5,9
PI437573B,5,9
PI437586A,5,9
PI437593B,5,9
PI437594B,5,9
PI437605A,5,9
PI437605B,5,9
PI437605C,5,9
PI437609B,5,9
PI437610B,5,9
PI437614B,5,9
PI437622B,5,9
PI437630D,5,9
PI437635B,5,9
PI437635C,5,9
PI437635D,5,9
PI437635E,5,9
PI437640B,5,9
PI437641A,5,9
PI437641B,5,9
PI437643B,5,9
PI437648B,5,9
PI437649A,5,9
PI437649B,5,9
PI437651B,5,9
PI437661B,5,9
PI437678B,5,9
PI437682B,5,9
PI437685B,5,9
PI437685C,5,9
PI437685D,5,9
PI437695B,5,9
PI437695C,5,9
PI437711A,5,9
PI437711B,5,9
PI437716B,5,9
PI437752A,5,9
PI437752B,5,9
PI437752C,5,9
PI437753B,5,9
PI437788A,5,9
PI437788B,5,9
PI437814A,5,9
PI437814B,5,9
PI437818A,5,9
PI437818B,5,9
PI437834A,5,9
PI437834B,5,9
PI437839A,5,9
PI437839B,5,9
PI437840A,5,9
PI437840B,5,9
PI437843A,5,9
PI437843B,5,9
PI437844A,5,9
PI437844B,5,9
PI437845A,5,9
PI437845B,5,9
PI437845C,5,9
PI437845D,5,9
PI437848A,5,9
PI437848B,5,9
PI437851B,5,9
PI437853B,5,9
PI437856A,5,9
PI437856B,5,9
PI437857C,5,9
PI437860B,5,9
PI437863A,5,9
PI437863B,5,9
PI437864B,5,9
PI437867A,5,9
PI437867B,5,9
PI437875B,5,9
PI437877B,5,9
PI437877C,5,9
PI437878B,5,9
PI437882A,5,9
PI437882B,5,9
PI437886B,2,9
PI437887B,5,9
PI437887C,5,9
PI437888B,5,9
PI437890B,5,9
PI437902A,5,9
PI437902B,5,9
PI437902C,5,9
PI437902D,5,9
PI437909B,5,9
PI437946A,5,9
PI437946B,5,9
PI437956B,5,9
PI437957B,5,9
PI437964A,5,9
PI437964B,5,9
PI437974B,5,9
PI437985A,5,9
PI437985B,5,9
PI438019B,5,9
PI438051B,5,9
PI438069A,5,9
PI438069B,5,9
PI438069C,5,9
PI438105B,5,9
PI438109C,5,9
PI438112B,5,9
PI438124B,5,9
PI438133A,5,9
PI438133B,5,9
PI438164B,5,9
PI438212C,5,9
PI438234B,5,9
PI438249A,5,9
PI438249B,5,9
PI438250B,5,9
PI438252B,5,9
PI438252C,5,9
PI438254D,5,9
PI438256B,5,9
PI438257A,5,9
PI438257B,5,9
PI438259B,5,9
PI438266A,5,9
PI438266B,5,9
PI438271B,5,9
PI438302A,5,9
PI438304B,5,9
PI438308A,5,9
PI438308B,5,9
PI438334B,5,9
PI438357A,5,9
PI438357B,5,9
PI438435A,5,9
PI438435B,5,9
PI438442A,5,9
PI438442B,5,9
PI438489A,5,9
PI438489B,5,9
PI438490A,5,9
PI438490B,5,9
PI438496A,5,9
PI438496B,5,9
PI438496C,5,9
PI438503A,5,9
PI438503B,5,9
PI438503C,5,9
PI438504B,5,9
PI438507A,5,9
PI438507B,5,9
PI438507C,5,9
PI438509B,5,9
PI442007A,5,9
PI442007B,5,9
PI442012A,5,9
PI442012B,5,9
PI458024A,5,9
PI458045A,5,9
PI458051A,5,9
PI458051B,5,9
PI458053A,5,9
PI458053B,5,9
PI458060A,5,9
PI458060B,5,9
PI458061A,5,9
PI458061B,5,9
PI458062A,5,9
PI458062B,5,9
PI458065A,5,9
PI458065B,5,9
PI458067A,5,9
PI458067B,5,9
PI458070A,5,9
PI458070B,5,9
PI458072A,5,9
PI458074A,5,9
PI458074B,5,9
PI458085A,5,9
PI458090A,5,9
PI458090B,5,9
PI458112A,5,9
PI458112B,5,9
PI458123A,5,9
PI458123B,5,9
PI458169A,5,9
PI458169B,5,9
PI458171A,5,9
PI458171B,5,9
PI458172A,5,9
PI458175A,5,9
PI458175B,5,9
PI458175C,5,9
PI458175D,5,9
PI458189A,5,9
PI458189B,5,9
PI458202A,5,9
PI458202B,5,9
PI458203A,5,9
PI458203B,5,9
PI458230A,5,9
PI458236A,5,9
PI458244A,5,9
PI458244B,5,9
PI458244C,5,9
PI458246A,5,9
PI458246B,5,9
PI458306A,5,9
PI458307A,5,9
PI458307B,5,9
PI458508A,5,9
PI458508B,5,9
PI458519A,5,9
PI458519B,5,9
PI464888A,5,9
PI464888B,5,9
PI464914A,5,9
PI464914B,5,9
PI464915A,5,9
PI464915B,5,9
PI464920A,5,9
PI464920B,5,9
PI466749A,5,9
PI466749B,5,9
PI467318B,5,9
PI467322B,5,9
PI467334A,5,9
PI467334B,5,9
PI467335B,5,9
PI468408A,5,9
PI468408B,5,9
PI468408C,5,9
PI470227A,5,9
PI470227B,5,9
PI475783A,5,9
PI475783B,5,9
PI475811A,5,9
PI475811B,5,9
PI475812A,5,9
PI475812B,5,9
PI475813A,5,9
PI475813B,5,9
PI475822B,5,9
PI475822C,5,9
PI475824A,5,9
PI475824B,5,9
PI475829A,5,9
PI476352A,5,9
PI476352B,5,9
PI476352C,5,9
PI479718B,5,9
PI479724A,5,9
PI479724B,5,9
PI479725A,5,9
PI479725B,5,9
PI483082A,5,9
PI483082B,5,9
PI486354A,5,9
PI486354B,5,9
PI495017A,5,9
PI495017B,5,9
PI495017C,5,9
PI506575A,5,9
PI506575B,5,9
PI506581A,5,9
PI506581B,5,9
PI506581C,5,9
PI506590A,5,9
PI506590B,5,9
PI506590C,5,9
PI506590D,5,9
PI506590E,5,9
PI506595A,2,9
PI506595B,5,9
PI506711A,5,9
PI506711B,5,9
PI506733A,5,9
PI506762A,5,9
PI506762B,5,9
PI506800A,5,9
PI506800B,5,9
PI506801A,5,9
PI506801B,5,9
PI506838A,5,9
PI506838B,5,9
PI506840A,5,9
PI506840B,5,9
PI506864A,5,9
PI506864B,5,9
PI507062A,5,9
PI507062B,5,9
PI507071A,5,9
PI507071B,5,9
PI507082A,2,9
PI507082B,5,9
PI507082C,5,9
PI507089A,5,9
PI507089B,5,9
PI507095A,5,9
PI507132A,5,9
PI507132B,5,9
PI507167A,5,9
PI507167B,5,9
PI507184A,5,9
PI507184B,5,9
PI507189A,5,9
PI507189B,5,9
PI507197A,5,9
PI507197B,5,9
PI507226A,5,9
PI507226B,5,9
PI507286A,5,9
PI507286B,5,9
PI507286C,5,9
PI507293A,5,9
PI507293B,5,9
PI507294A,5,9
PI507294B,5,9
PI507320A,5,9
PI507320B,5,9
PI507406A,5,9
PI507406B,5,9
PI507441A,5,9
PI507441B,5,9
PI507442A,5,9
PI507442B,5,9
PI507681B,5,9
PI507692A,5,9
PI507692B,5,9
PI507696A,5,9
PI507696C,5,9
PI507718A,5,9
PI507718B,5,9
PI508296A,5,9
PI508296B,2,9
PI508296C,5,9
PI508296D,5,9
PI508296E,5,9
PI508296F,5,9
PI508296G,5,9
PI508296H,5,9
PI512322D,5,9
PI518718A,5,9
PI518718B,5,9
PI532441B,5,9
PI532444B,5,9
PI532455A,5,9
PI532455B,5,9
PI532460A,5,9
PI532460B,5,9
PI532462A,5,9
PI532462B,5,9
PI532463A,5,9
PI532463B,5,9
PI532466A,5,9
PI532466B,5,9
PI536547A,5,9
PI536547B,5,9
PI536547C,5,9
PI538385A,5,9
PI538385B,5,9
PI538386A,5,9
PI538386B,5,9
PI538401A,5,9
PI538401B,5,9
PI549021A,5,9
PI549027A,5,9
PI549030A,5,9
PI549030B,5,9
PI549041A,5,9
PI549041B,5,9
PI549042A,5,9
PI549042B,5,9
PI549045A,5,9
PI561233B,5,9
PI561233C,5,9
PI561287A,5,9
PI561292A,5,9
PI561292B,5,9
PI561300A,5,9
PI561300B,5,9
PI561309A,5,9
PI561309B,5,9
PI561311A,5,9
PI561311B,5,9
PI561314A,5,9
PI561314B,5,9
PI561319A,5,9
PI561319B,5,9
PI561327B,5,9
PI561327C,5,9
PI561327D,5,9
PI561330A,5,9
PI561330B,5,9
PI561338A,5,9
PI561338B,5,9
PI561350A,5,9
PI561350B,5,9
PI567155C,5,9
PI567159B,5,9
PI567170A,5,9
PI567170B,5,9
PI567174C,5,9
PI567175D,5,9
PI567201A,5,9
PI567201B,5,9
PI567201C,5,9
PI567201D,5,9
PI567215C,5,9
PI567217C,5,9
PI567250B,5,9
PI567255B,5,9
PI567261B,5,9
PI567261C,5,9
PI567261D,5,9
PI567261E,5,9
PI567262A,5,9
PI567262B,5,9
PI567262C,5,9
PI567262D,5,9
PI567262E,5,9
PI567264A,5,9
PI567264B,5,9
PI567264C,5,9
PI567264D,5,9
PI567266A,5,9
PI567266B,5,9
PI567266C,5,9
PI567266D,5,9
PI567267A,5,9
PI567267B,5,9
PI567270A,5,9
PI567272A,5,9
PI567272B,5,9
PI567273A,5,9
PI567273B,5,9
PI567279A,5,9
PI567279B,5,9
PI567281A,5,9
PI567281B,5,9
PI572265D,5,9
PI574476A,5,9
PI574476B,5,9
PI574478B,5,9
PI574478C,5,9
PI574479A,5,9
PI574479B,5,9
PI574480A,5,9
PI574480B,5,9
PI578380B,5,9
PI578392B,5,9
PI578401D,5,9
PI578409B,5,9
PI578419A,5,9
PI578419B,5,9
PI578473A,5,9
PI578473B,5,9
PI578477A,5,9
PI578477B,5,9
PI578477C,5,9
PI578478A,5,9
PI578494A,5,9
PI578494B,5,9
PI578497A,5,9
PI578497B,5,9
PI578498A,5,9
PI578499A,5,9
PI578499B,5,9
PI578499C,5,9
PI588050A,5,9
PI588052A,5,9
PI588052B,5,9
PI592956A,5,9
PI592956B,5,9
PI592956C,5,9
PI593949B,5,9
PI593956B,5,9
PI593956C,5,9
PI593956D,5,9
PI593956E,5,9
PI594227A,5,9
PI594227B,5,9
PI594233A,5,9
PI594233B,5,9
PI594252A,5,9
PI594252B,5,9
PI594268A,5,9
PI594268B,5,9
PI594280A,5,9
PI594280B,5,9
PI594280C,5,9
PI594280D,5,9
PI594280E,5,9
PI594304B,5,9
PI594899A,5,9
PI594899B,5,9
PI594900A,5,9
PI594900B,5,9
PI597411B,5,9
PI597475A,5,9
PI597475B,5,9
PI597478A,5,9
PI597478B,5,9
PI597480A,5,9
PI597480B,5,9
PI602500A,5,9
PI602500B,5,9
PI602502A,5,9
PI602502B,5,9
PI603165A,5,9
PI603165B,5,9
PI603174A,5,9
PI603174B,5,9
PI603176A,5,9
PI603335B,5,9
PI603348C,5,9
PI603358A,5,9
PI603358B,5,9
PI603363A,5,9
PI603363B,5,9
PI603381A,5,9
PI603381B,5,9
PI603381C,5,9
PI603382B,5,9
PI603390A,5,9
PI603398A,5,9
PI603398B,5,9
PI603405A,5,9
PI603405B,5,9
PI603412A,5,9
PI603412B,5,9
PI603418A,5,9
PI603418B,5,9
PI603418C,5,9
PI603418D,5,9
PI603419A,5,9
PI603419B,5,9
PI603419C,5,9
PI603421A,5,9
PI603421B,5,9
PI603422A,5,9
PI603422B,5,9
PI603423A,5,9
PI603423B,5,9
PI603426G,5,9
PI603427C,5,9
PI603428B,5,9
PI603428C,5,9
PI603428D,5,9
PI603429D,5,9
PI603430A,5,9
PI603433A,5,9
PI603433B,5,9
PI603436A,5,9
PI603436B,5,9
PI603438C,5,9
PI603438D,5,9
PI603438E,5,9
PI603443C,5,9
PI603444A,5,9
PI603444C,5,9
PI603445B,5,9
PI603451A,5,9
PI603451B,5,9
PI603455A,5,9
PI603455B,5,9
PI603457A,5,9
PI603457B,5,9
PI603457C,5,9
PI603458A,5,9
PI603458B,5,9
PI603465B,5,9
PI603465C,5,9
PI603465D,5,9
PI603466A,5,9
PI603466B,5,9
PI603472A,5,9
PI603472B,5,9
PI603477A,5,9
PI603477B,5,9
PI603487A,5,9
PI603487B,5,9
PI603487C,5,9
PI603495A,5,9
PI603496A,5,9
PI603496B,5,9
PI603498A,5,9
PI603502A,5,9
PI603502B,5,9
PI603502C,5,9
PI603502D,5,9
PI603511A,5,9
PI603511B,5,9
PI603527A,5,9
PI603531A,5,9
PI603531B,5,9
PI603541A,5,9
PI603541B,5,9
PI603543A,5,9
PI603543B,5,9
PI603543C,5,9
PI603544A,5,9
PI603545A,5,9
PI603545B,5,9
PI603546B,5,9
PI603548A,5,9
PI603548B,5,9
PI603551A,5,9
PI603551B,5,9
PI603551C,5,9
PI603554A,5,9
PI603554B,5,9
PI603562A,5,9
PI603562B,5,9
PI603563A,5,9
PI603563B,5,9
PI603564A,5,9
PI603564B,5,9
PI603564C,5,9
PI603567A,5,9
PI603567B,5,9
PI603569A,5,9
PI603569B,5,9
PI603570A,5,9
PI603570B,5,9
PI603570C,5,9
PI603571A,5,9
PI603571B,5,9
PI603571C,5,9
PI603573A,5,9
PI603576A,5,9
PI603585A,5,9
PI603585B,5,9
PI603587B,5,9
PI603587C,5,9
PI603598A,5,9
PI603599A,5,9
PI603599B,5,9
PI603611A,5,9
PI603614A,5,9
PI603615A,5,9
PI603661A,5,9
PI603662A,5,9
PI603662B,5,9
PI603667A,5,9
PI603667B,5,9
PI603668A,5,9
PI603672A,5,9
PI603673A,5,9
PI603673C,5,9
PI603673D,5,9
PI603678A,5,9
PI603678B,5,9
PI603687A,5,9
PI603687B,5,9
PI603694A,5,9
PI603694B,5,9
PI603704B,5,9
PI603705A,5,9
PI603706A,2,9
PI603711A,5,9
PI603718A,5,9
PI603718B,5,9
PI603719A,5,9
PI603719B,5,9
PI603719C,5,9
PI603724A,5,9
PI603724C,5,9
PI603735A,5,9
PI603735B,5,9
PI603742A,5,9
PI603742B,5,9
PI603742D,5,9
PI603743A,5,9
PI603743B,5,9
PI603750B,5,9
PI603751A,5,9
PI603751B,5,9
PI603753A,5,9
PI603753B,2,9
PI603755A,5,9
PI603755B,5,9
PI603755C,5,9
PI603755D,5,9
PI603755E,5,9
PI603757A,5,9
PI603757B,5,9
PI603757C,5,9
PI603759A,5,9
PI603764B,5,9
PI603909A,5,9
PI603909B,5,9
PI603909C,5,9
PI603910A,5,9
PI603910B,5,9
PI603911B,5,9
PI603911C,5,9
PI603913A,5,9
PI603913B,5,9
PI603913C,5,9
PI603915C,5,9
PI603915D,5,9
PI603915E,5,9
FC003654-1,5,10
FC019976-1,5,10
FC019976-2,5,10
FC019979-1,2,10
FC019979-2,5,10
FC019979-3,5,10
FC019979-4,2,10
FC019979-5,5,10
FC019979-6,5,10
FC019979-7,5,10
FC031572-3,5,10
PI054606-1,5,10
PI054606-2,5,10
PI054608-1,5,10
PI054608-2,5,10
PI054608-3,5,10
PI054608-4,5,10
PI054608-5,5,10
PI054610-1,5,10
PI054610-4,5,10
PI054615-2,5,10
PI054620-2,5,10
PI055089-1,5,10
PI060269-2,5,10
PI060296-1,5,10
PI060296-2,5,10
PI062202-2,5,10
PI068457-1,5,10
PI068461-1,5,10
PI068465-1,5,10
PI068475-1,5,10
PI068479-1,5,10
PI068484-1,5,10
PI068484-4,5,10
PI068521-1,5,10
PI068530-2,5,10
PI068533-1,5,10
PI068533-2,5,10
PI068551-2,5,10
PI068604-1,5,10
PI068670-1,5,10
PI068670-2,5,10
PI068679-2,5,10
PI068680-2,5,10
PI068692-2,5,10
PI068732-1,5,10
PI068748-1,5,10
PI068761-3,5,10
PI069507-1,5,10
PI070242-2,5,10
PI070466-3,5,10
PI070466-4,5,10
PI070469-1,5,10
PI071850-1,2,10
PI079691-4,5,10
PI079732-3,5,10
PI079732-4,5,10
PI079825-1,5,10
PI079848-1,5,10
PI079862-1,5,10
PI079870-2,5,10
PI079870-4,5,10
PI079870-6,5,10
PI079874-1,5,10
PI080466-1,5,10
PI080466-2,5,10
PI080471-1,5,10
PI080488-1,5,10
PI080498-1,5,10
PI080828-1,5,10
PI080828-2,5,10
PI080834-1,5,10
PI080834-2,5,10
PI080844-2,5,10
PI080844-3,5,10
PI080845-1,5,10
PI080845-2,5,10
PI080847-1,5,10
PI080847-2,5,10
PI081029-1,5,10
PI081030-1,5,10
PI081031-1,5,10
PI081031-2,5,10
PI081034-1,5,10
PI081034-2,5,10
PI081037-1,5,10
PI081037-2,5,10
PI081037-3,5,10
PI081037-5,5,10
PI081041-1,5,10
PI081042-1,5,10
PI081042-2,5,10
PI081044-1,5,10
PI081044-2,5,10
PI082246-1,5,10
PI082263-1,5,10
PI082263-2,5,10
PI082263-3,5,10
PI083945-1,5,10
PI083945-4,5,10
PI084646-2,5,10
PI084666-1,5,10
PI084668-1,5,10
PI084673-1,5,10
PI084908-1,5,10
PI084908-2,5,10
PI084946-1,5,10
PI084957-1,5,10
PI084976-1,5,10
PI085009-1,5,10
PI085009-2,5,10
PI085420-1,5,10
PI086026-1,5,10
PI086078-1,5,10
PI086091-1,5,10
PI086112-1,5,10
PI086134-1,5,10
PI086134-2,5,10
PI086134-3,5,10
PI086134-4,5,10
PI086137-1,5,10
PI086449-0,5,10
PI086449-2,5,10
PI086457-1,5,10
PI086482-1,5,10
PI086490-2,5,10
PI086490-3,5,10
PI086490-4,5,10
PI086878-2,5,10
PI086903-3,5,10
PI086903-4,5,10
PI086904-1,5,10
PI086972-2,5,10
PI087465-1,5,10
PI087465-2,5,10
PI087600-1,5,10
PI087600-2,5,10
PI087619-1,5,10
PI087620-1,5,10
PI087631-1,5,10
PI087631-3,5,10
PI088294-1,5,10
PI088295-1,5,10
PI088302-1,5,10
PI088302-2,5,10
PI088303-1,5,10
PI088306-1,5,10
PI088447-3,5,10
PI088466-1,5,10
PI088490-1,5,10
PI088490-2,5,10
PI088803-1,5,10
PI088805-4,5,10
PI088998-1,5,10
PI088998-2,5,10
PI089002-2,5,10
PI089003-1,5,10
PI089003-2,5,10
PI089005-4,5,10
PI089005-5,5,10
PI089006-2,5,10
PI089009-2,5,10
PI089012-1,5,10
PI089055-1,5,10
PI089056-2,5,10
PI089061-2,5,10
PI089061-3,5,10
PI089065-2,5,10
PI089154-1,5,10
PI089154-2,5,10
PI090406-1,5,10
PI090479-1,5,10
PI090490-2,5,10
PI090499-1,5,10
PI090499-2,5,10
PI090566-1,5,10
PI090567-1,5,10
PI090576-1,5,10
PI090576-2,5,10
PI091100-1,5,10
PI091100-2,5,10
PI091100-3,5,10
PI091100-4,5,10
PI091108-1,5,10
PI091108-2,5,10
PI091120-2,5,10
PI091120-3,5,10
PI091121-1,5,10
PI091121-2,5,10
PI091132-2,5,10
PI091132-3,5,10
PI091153-1,5,10
PI091153-7,5,10
PI091159-4,5,10
PI091178-1,5,10
PI091725-2,5,10
PI091725-3,5,10
PI091725-4,5,10
PI091730-1,5,10
PI091731-1,5,10
PI091733-1,5,10
PI092601-1,5,10
PI092601-2,5,10
PI092601-5,5,10
PI092688-2,5,10
PI092707-2,5,10
PI092718-2,5,10
PI094159-3,5,10
PI096194-3,5,10
PI096786-1,5,10
PI407937-1,5,10
PI407946-2,5,10
PI408004-1,5,10
PI408010-1,5,10
PI408293-1,5,10
PI408311-1,5,10
